confidence_threshold,margin_threshold,no_maize_false_actuation_rate,correct_maize_accept_rate,maize_coverage
0.5,0.0,0.0,0.9844559585492227,1.0
0.5,0.05,0.0,0.9844559585492227,1.0
0.5,0.1,0.0,0.9844559585492227,1.0
0.5,0.15,0.0,0.9844559585492227,0.9948186528497409
0.5,0.2,0.0,0.9844559585492227,0.9948186528497409
0.5,0.25,0.0,0.9844559585492227,0.9844559585492227
0.5,0.3,0.0,0.9844559585492227,0.9844559585492227
0.5,0.35,0.0,0.9844559585492227,0.9844559585492227
0.5,0.4,0.0,0.9844559585492227,0.9844559585492227
0.5,0.45,0.0,0.9844559585492227,0.9844559585492227
0.5,0.5,0.0,0.9792746113989638,0.9792746113989638
0.5,0.55,0.0,0.9792746113989638,0.9792746113989638
0.5,0.6,0.0,0.9740932642487047,0.9740932642487047
0.5,0.65,0.0,0.9689119170984456,0.9689119170984456
0.5,0.7,0.0,0.9585492227979274,0.9585492227979274
0.5,0.75,0.0,0.9585492227979274,0.9585492227979274
0.5,0.8,0.0,0.9533678756476683,0.9533678756476683
0.51,0.0,0.0,0.9844559585492227,1.0
0.51,0.05,0.0,0.9844559585492227,1.0
0.51,0.1,0.0,0.9844559585492227,1.0
0.51,0.15,0.0,0.9844559585492227,0.9948186528497409
0.51,0.2,0.0,0.9844559585492227,0.9948186528497409
0.51,0.25,0.0,0.9844559585492227,0.9844559585492227
0.51,0.3,0.0,0.9844559585492227,0.9844559585492227
0.51,0.35,0.0,0.9844559585492227,0.9844559585492227
0.51,0.4,0.0,0.9844559585492227,0.9844559585492227
0.51,0.45,0.0,0.9844559585492227,0.9844559585492227
0.51,0.5,0.0,0.9792746113989638,0.9792746113989638
0.51,0.55,0.0,0.9792746113989638,0.9792746113989638
0.51,0.6,0.0,0.9740932642487047,0.9740932642487047
0.51,0.65,0.0,0.9689119170984456,0.9689119170984456
0.51,0.7,0.0,0.9585492227979274,0.9585492227979274
0.51,0.75,0.0,0.9585492227979274,0.9585492227979274
0.51,0.8,0.0,0.9533678756476683,0.9533678756476683
0.52,0.0,0.0,0.9844559585492227,1.0
0.52,0.05,0.0,0.9844559585492227,1.0
0.52,0.1,0.0,0.9844559585492227,1.0
0.52,0.15,0.0,0.9844559585492227,0.9948186528497409
0.52,0.2,0.0,0.9844559585492227,0.9948186528497409
0.52,0.25,0.0,0.9844559585492227,0.9844559585492227
0.52,0.3,0.0,0.9844559585492227,0.9844559585492227
0.52,0.35,0.0,0.9844559585492227,0.9844559585492227
0.52,0.4,0.0,0.9844559585492227,0.9844559585492227
0.52,0.45,0.0,0.9844559585492227,0.9844559585492227
0.52,0.5,0.0,0.9792746113989638,0.9792746113989638
0.52,0.55,0.0,0.9792746113989638,0.9792746113989638
0.52,0.6,0.0,0.9740932642487047,0.9740932642487047
0.52,0.65,0.0,0.9689119170984456,0.9689119170984456
0.52,0.7,0.0,0.9585492227979274,0.9585492227979274
0.52,0.75,0.0,0.9585492227979274,0.9585492227979274
0.52,0.8,0.0,0.9533678756476683,0.9533678756476683
0.53,0.0,0.0,0.9844559585492227,1.0
0.53,0.05,0.0,0.9844559585492227,1.0
0.53,0.1,0.0,0.9844559585492227,1.0
0.53,0.15,0.0,0.9844559585492227,0.9948186528497409
0.53,0.2,0.0,0.9844559585492227,0.9948186528497409
0.53,0.25,0.0,0.9844559585492227,0.9844559585492227
0.53,0.3,0.0,0.9844559585492227,0.9844559585492227
0.53,0.35,0.0,0.9844559585492227,0.9844559585492227
0.53,0.4,0.0,0.9844559585492227,0.9844559585492227
0.53,0.45,0.0,0.9844559585492227,0.9844559585492227
0.53,0.5,0.0,0.9792746113989638,0.9792746113989638
0.53,0.55,0.0,0.9792746113989638,0.9792746113989638
0.53,0.6,0.0,0.9740932642487047,0.9740932642487047
0.53,0.65,0.0,0.9689119170984456,0.9689119170984456
0.53,0.7,0.0,0.9585492227979274,0.9585492227979274
0.53,0.75,0.0,0.9585492227979274,0.9585492227979274
0.53,0.8,0.0,0.9533678756476683,0.9533678756476683
0.54,0.0,0.0,0.9844559585492227,1.0
0.54,0.05,0.0,0.9844559585492227,1.0
0.54,0.1,0.0,0.9844559585492227,1.0
0.54,0.15,0.0,0.9844559585492227,0.9948186528497409
0.54,0.2,0.0,0.9844559585492227,0.9948186528497409
0.54,0.25,0.0,0.9844559585492227,0.9844559585492227
0.54,0.3,0.0,0.9844559585492227,0.9844559585492227
0.54,0.35,0.0,0.9844559585492227,0.9844559585492227
0.54,0.4,0.0,0.9844559585492227,0.9844559585492227
0.54,0.45,0.0,0.9844559585492227,0.9844559585492227
0.54,0.5,0.0,0.9792746113989638,0.9792746113989638
0.54,0.55,0.0,0.9792746113989638,0.9792746113989638
0.54,0.6,0.0,0.9740932642487047,0.9740932642487047
0.54,0.65,0.0,0.9689119170984456,0.9689119170984456
0.54,0.7,0.0,0.9585492227979274,0.9585492227979274
0.54,0.75,0.0,0.9585492227979274,0.9585492227979274
0.54,0.8,0.0,0.9533678756476683,0.9533678756476683
0.55,0.0,0.0,0.9844559585492227,1.0
0.55,0.05,0.0,0.9844559585492227,1.0
0.55,0.1,0.0,0.9844559585492227,1.0
0.55,0.15,0.0,0.9844559585492227,0.9948186528497409
0.55,0.2,0.0,0.9844559585492227,0.9948186528497409
0.55,0.25,0.0,0.9844559585492227,0.9844559585492227
0.55,0.3,0.0,0.9844559585492227,0.9844559585492227
0.55,0.35,0.0,0.9844559585492227,0.9844559585492227
0.55,0.4,0.0,0.9844559585492227,0.9844559585492227
0.55,0.45,0.0,0.9844559585492227,0.9844559585492227
0.55,0.5,0.0,0.9792746113989638,0.9792746113989638
0.55,0.55,0.0,0.9792746113989638,0.9792746113989638
0.55,0.6,0.0,0.9740932642487047,0.9740932642487047
0.55,0.65,0.0,0.9689119170984456,0.9689119170984456
0.55,0.7,0.0,0.9585492227979274,0.9585492227979274
0.55,0.75,0.0,0.9585492227979274,0.9585492227979274
0.55,0.8,0.0,0.9533678756476683,0.9533678756476683
0.56,0.0,0.0,0.9844559585492227,1.0
0.56,0.05,0.0,0.9844559585492227,1.0
0.56,0.1,0.0,0.9844559585492227,1.0
0.56,0.15,0.0,0.9844559585492227,0.9948186528497409
0.56,0.2,0.0,0.9844559585492227,0.9948186528497409
0.56,0.25,0.0,0.9844559585492227,0.9844559585492227
0.56,0.3,0.0,0.9844559585492227,0.9844559585492227
0.56,0.35,0.0,0.9844559585492227,0.9844559585492227
0.56,0.4,0.0,0.9844559585492227,0.9844559585492227
0.56,0.45,0.0,0.9844559585492227,0.9844559585492227
0.56,0.5,0.0,0.9792746113989638,0.9792746113989638
0.56,0.55,0.0,0.9792746113989638,0.9792746113989638
0.56,0.6,0.0,0.9740932642487047,0.9740932642487047
0.56,0.65,0.0,0.9689119170984456,0.9689119170984456
0.56,0.7,0.0,0.9585492227979274,0.9585492227979274
0.56,0.75,0.0,0.9585492227979274,0.9585492227979274
0.56,0.8,0.0,0.9533678756476683,0.9533678756476683
0.57,0.0,0.0,0.9844559585492227,0.9948186528497409
0.57,0.05,0.0,0.9844559585492227,0.9948186528497409
0.57,0.1,0.0,0.9844559585492227,0.9948186528497409
0.57,0.15,0.0,0.9844559585492227,0.9948186528497409
0.57,0.2,0.0,0.9844559585492227,0.9948186528497409
0.57,0.25,0.0,0.9844559585492227,0.9844559585492227
0.57,0.3,0.0,0.9844559585492227,0.9844559585492227
0.57,0.35,0.0,0.9844559585492227,0.9844559585492227
0.57,0.4,0.0,0.9844559585492227,0.9844559585492227
0.57,0.45,0.0,0.9844559585492227,0.9844559585492227
0.57,0.5,0.0,0.9792746113989638,0.9792746113989638
0.57,0.55,0.0,0.9792746113989638,0.9792746113989638
0.57,0.6,0.0,0.9740932642487047,0.9740932642487047
0.57,0.65,0.0,0.9689119170984456,0.9689119170984456
0.57,0.7,0.0,0.9585492227979274,0.9585492227979274
0.57,0.75,0.0,0.9585492227979274,0.9585492227979274
0.57,0.8,0.0,0.9533678756476683,0.9533678756476683
0.58,0.0,0.0,0.9844559585492227,0.9948186528497409
0.58,0.05,0.0,0.9844559585492227,0.9948186528497409
0.58,0.1,0.0,0.9844559585492227,0.9948186528497409
0.58,0.15,0.0,0.9844559585492227,0.9948186528497409
0.58,0.2,0.0,0.9844559585492227,0.9948186528497409
0.58,0.25,0.0,0.9844559585492227,0.9844559585492227
0.58,0.3,0.0,0.9844559585492227,0.9844559585492227
0.58,0.35,0.0,0.9844559585492227,0.9844559585492227
0.58,0.4,0.0,0.9844559585492227,0.9844559585492227
0.58,0.45,0.0,0.9844559585492227,0.9844559585492227
0.58,0.5,0.0,0.9792746113989638,0.9792746113989638
0.58,0.55,0.0,0.9792746113989638,0.9792746113989638
0.58,0.6,0.0,0.9740932642487047,0.9740932642487047
0.58,0.65,0.0,0.9689119170984456,0.9689119170984456
0.58,0.7,0.0,0.9585492227979274,0.9585492227979274
0.58,0.75,0.0,0.9585492227979274,0.9585492227979274
0.58,0.8,0.0,0.9533678756476683,0.9533678756476683
0.59,0.0,0.0,0.9844559585492227,0.9948186528497409
0.59,0.05,0.0,0.9844559585492227,0.9948186528497409
0.59,0.1,0.0,0.9844559585492227,0.9948186528497409
0.59,0.15,0.0,0.9844559585492227,0.9948186528497409
0.59,0.2,0.0,0.9844559585492227,0.9948186528497409
0.59,0.25,0.0,0.9844559585492227,0.9844559585492227
0.59,0.3,0.0,0.9844559585492227,0.9844559585492227
0.59,0.35,0.0,0.9844559585492227,0.9844559585492227
0.59,0.4,0.0,0.9844559585492227,0.9844559585492227
0.59,0.45,0.0,0.9844559585492227,0.9844559585492227
0.59,0.5,0.0,0.9792746113989638,0.9792746113989638
0.59,0.55,0.0,0.9792746113989638,0.9792746113989638
0.59,0.6,0.0,0.9740932642487047,0.9740932642487047
0.59,0.65,0.0,0.9689119170984456,0.9689119170984456
0.59,0.7,0.0,0.9585492227979274,0.9585492227979274
0.59,0.75,0.0,0.9585492227979274,0.9585492227979274
0.59,0.8,0.0,0.9533678756476683,0.9533678756476683
0.6,0.0,0.0,0.9844559585492227,0.9948186528497409
0.6,0.05,0.0,0.9844559585492227,0.9948186528497409
0.6,0.1,0.0,0.9844559585492227,0.9948186528497409
0.6,0.15,0.0,0.9844559585492227,0.9948186528497409
0.6,0.2,0.0,0.9844559585492227,0.9948186528497409
0.6,0.25,0.0,0.9844559585492227,0.9844559585492227
0.6,0.3,0.0,0.9844559585492227,0.9844559585492227
0.6,0.35,0.0,0.9844559585492227,0.9844559585492227
0.6,0.4,0.0,0.9844559585492227,0.9844559585492227
0.6,0.45,0.0,0.9844559585492227,0.9844559585492227
0.6,0.5,0.0,0.9792746113989638,0.9792746113989638
0.6,0.55,0.0,0.9792746113989638,0.9792746113989638
0.6,0.6,0.0,0.9740932642487047,0.9740932642487047
0.6,0.65,0.0,0.9689119170984456,0.9689119170984456
0.6,0.7,0.0,0.9585492227979274,0.9585492227979274
0.6,0.75,0.0,0.9585492227979274,0.9585492227979274
0.6,0.8,0.0,0.9533678756476683,0.9533678756476683
0.61,0.0,0.0,0.9844559585492227,0.9948186528497409
0.61,0.05,0.0,0.9844559585492227,0.9948186528497409
0.61,0.1,0.0,0.9844559585492227,0.9948186528497409
0.61,0.15,0.0,0.9844559585492227,0.9948186528497409
0.61,0.2,0.0,0.9844559585492227,0.9948186528497409
0.61,0.25,0.0,0.9844559585492227,0.9844559585492227
0.61,0.3,0.0,0.9844559585492227,0.9844559585492227
0.61,0.35,0.0,0.9844559585492227,0.9844559585492227
0.61,0.4,0.0,0.9844559585492227,0.9844559585492227
0.61,0.45,0.0,0.9844559585492227,0.9844559585492227
0.61,0.5,0.0,0.9792746113989638,0.9792746113989638
0.61,0.55,0.0,0.9792746113989638,0.9792746113989638
0.61,0.6,0.0,0.9740932642487047,0.9740932642487047
0.61,0.65,0.0,0.9689119170984456,0.9689119170984456
0.61,0.7,0.0,0.9585492227979274,0.9585492227979274
0.61,0.75,0.0,0.9585492227979274,0.9585492227979274
0.61,0.8,0.0,0.9533678756476683,0.9533678756476683
0.62,0.0,0.0,0.9844559585492227,0.9896373056994818
0.62,0.05,0.0,0.9844559585492227,0.9896373056994818
0.62,0.1,0.0,0.9844559585492227,0.9896373056994818
0.62,0.15,0.0,0.9844559585492227,0.9896373056994818
0.62,0.2,0.0,0.9844559585492227,0.9896373056994818
0.62,0.25,0.0,0.9844559585492227,0.9844559585492227
0.62,0.3,0.0,0.9844559585492227,0.9844559585492227
0.62,0.35,0.0,0.9844559585492227,0.9844559585492227
0.62,0.4,0.0,0.9844559585492227,0.9844559585492227
0.62,0.45,0.0,0.9844559585492227,0.9844559585492227
0.62,0.5,0.0,0.9792746113989638,0.9792746113989638
0.62,0.55,0.0,0.9792746113989638,0.9792746113989638
0.62,0.6,0.0,0.9740932642487047,0.9740932642487047
0.62,0.65,0.0,0.9689119170984456,0.9689119170984456
0.62,0.7,0.0,0.9585492227979274,0.9585492227979274
0.62,0.75,0.0,0.9585492227979274,0.9585492227979274
0.62,0.8,0.0,0.9533678756476683,0.9533678756476683
0.63,0.0,0.0,0.9844559585492227,0.9844559585492227
0.63,0.05,0.0,0.9844559585492227,0.9844559585492227
0.63,0.1,0.0,0.9844559585492227,0.9844559585492227
0.63,0.15,0.0,0.9844559585492227,0.9844559585492227
0.63,0.2,0.0,0.9844559585492227,0.9844559585492227
0.63,0.25,0.0,0.9844559585492227,0.9844559585492227
0.63,0.3,0.0,0.9844559585492227,0.9844559585492227
0.63,0.35,0.0,0.9844559585492227,0.9844559585492227
0.63,0.4,0.0,0.9844559585492227,0.9844559585492227
0.63,0.45,0.0,0.9844559585492227,0.9844559585492227
0.63,0.5,0.0,0.9792746113989638,0.9792746113989638
0.63,0.55,0.0,0.9792746113989638,0.9792746113989638
0.63,0.6,0.0,0.9740932642487047,0.9740932642487047
0.63,0.65,0.0,0.9689119170984456,0.9689119170984456
0.63,0.7,0.0,0.9585492227979274,0.9585492227979274
0.63,0.75,0.0,0.9585492227979274,0.9585492227979274
0.63,0.8,0.0,0.9533678756476683,0.9533678756476683
0.64,0.0,0.0,0.9844559585492227,0.9844559585492227
0.64,0.05,0.0,0.9844559585492227,0.9844559585492227
0.64,0.1,0.0,0.9844559585492227,0.9844559585492227
0.64,0.15,0.0,0.9844559585492227,0.9844559585492227
0.64,0.2,0.0,0.9844559585492227,0.9844559585492227
0.64,0.25,0.0,0.9844559585492227,0.9844559585492227
0.64,0.3,0.0,0.9844559585492227,0.9844559585492227
0.64,0.35,0.0,0.9844559585492227,0.9844559585492227
0.64,0.4,0.0,0.9844559585492227,0.9844559585492227
0.64,0.45,0.0,0.9844559585492227,0.9844559585492227
0.64,0.5,0.0,0.9792746113989638,0.9792746113989638
0.64,0.55,0.0,0.9792746113989638,0.9792746113989638
0.64,0.6,0.0,0.9740932642487047,0.9740932642487047
0.64,0.65,0.0,0.9689119170984456,0.9689119170984456
0.64,0.7,0.0,0.9585492227979274,0.9585492227979274
0.64,0.75,0.0,0.9585492227979274,0.9585492227979274
0.64,0.8,0.0,0.9533678756476683,0.9533678756476683
0.65,0.0,0.0,0.9844559585492227,0.9844559585492227
0.65,0.05,0.0,0.9844559585492227,0.9844559585492227
0.65,0.1,0.0,0.9844559585492227,0.9844559585492227
0.65,0.15,0.0,0.9844559585492227,0.9844559585492227
0.65,0.2,0.0,0.9844559585492227,0.9844559585492227
0.65,0.25,0.0,0.9844559585492227,0.9844559585492227
0.65,0.3,0.0,0.9844559585492227,0.9844559585492227
0.65,0.35,0.0,0.9844559585492227,0.9844559585492227
0.65,0.4,0.0,0.9844559585492227,0.9844559585492227
0.65,0.45,0.0,0.9844559585492227,0.9844559585492227
0.65,0.5,0.0,0.9792746113989638,0.9792746113989638
0.65,0.55,0.0,0.9792746113989638,0.9792746113989638
0.65,0.6,0.0,0.9740932642487047,0.9740932642487047
0.65,0.65,0.0,0.9689119170984456,0.9689119170984456
0.65,0.7,0.0,0.9585492227979274,0.9585492227979274
0.65,0.75,0.0,0.9585492227979274,0.9585492227979274
0.65,0.8,0.0,0.9533678756476683,0.9533678756476683
0.66,0.0,0.0,0.9844559585492227,0.9844559585492227
0.66,0.05,0.0,0.9844559585492227,0.9844559585492227
0.66,0.1,0.0,0.9844559585492227,0.9844559585492227
0.66,0.15,0.0,0.9844559585492227,0.9844559585492227
0.66,0.2,0.0,0.9844559585492227,0.9844559585492227
0.66,0.25,0.0,0.9844559585492227,0.9844559585492227
0.66,0.3,0.0,0.9844559585492227,0.9844559585492227
0.66,0.35,0.0,0.9844559585492227,0.9844559585492227
0.66,0.4,0.0,0.9844559585492227,0.9844559585492227
0.66,0.45,0.0,0.9844559585492227,0.9844559585492227
0.66,0.5,0.0,0.9792746113989638,0.9792746113989638
0.66,0.55,0.0,0.9792746113989638,0.9792746113989638
0.66,0.6,0.0,0.9740932642487047,0.9740932642487047
0.66,0.65,0.0,0.9689119170984456,0.9689119170984456
0.66,0.7,0.0,0.9585492227979274,0.9585492227979274
0.66,0.75,0.0,0.9585492227979274,0.9585492227979274
0.66,0.8,0.0,0.9533678756476683,0.9533678756476683
0.67,0.0,0.0,0.9844559585492227,0.9844559585492227
0.67,0.05,0.0,0.9844559585492227,0.9844559585492227
0.67,0.1,0.0,0.9844559585492227,0.9844559585492227
0.67,0.15,0.0,0.9844559585492227,0.9844559585492227
0.67,0.2,0.0,0.9844559585492227,0.9844559585492227
0.67,0.25,0.0,0.9844559585492227,0.9844559585492227
0.67,0.3,0.0,0.9844559585492227,0.9844559585492227
0.67,0.35,0.0,0.9844559585492227,0.9844559585492227
0.67,0.4,0.0,0.9844559585492227,0.9844559585492227
0.67,0.45,0.0,0.9844559585492227,0.9844559585492227
0.67,0.5,0.0,0.9792746113989638,0.9792746113989638
0.67,0.55,0.0,0.9792746113989638,0.9792746113989638
0.67,0.6,0.0,0.9740932642487047,0.9740932642487047
0.67,0.65,0.0,0.9689119170984456,0.9689119170984456
0.67,0.7,0.0,0.9585492227979274,0.9585492227979274
0.67,0.75,0.0,0.9585492227979274,0.9585492227979274
0.67,0.8,0.0,0.9533678756476683,0.9533678756476683
0.68,0.0,0.0,0.9844559585492227,0.9844559585492227
0.68,0.05,0.0,0.9844559585492227,0.9844559585492227
0.68,0.1,0.0,0.9844559585492227,0.9844559585492227
0.68,0.15,0.0,0.9844559585492227,0.9844559585492227
0.68,0.2,0.0,0.9844559585492227,0.9844559585492227
0.68,0.25,0.0,0.9844559585492227,0.9844559585492227
0.68,0.3,0.0,0.9844559585492227,0.9844559585492227
0.68,0.35,0.0,0.9844559585492227,0.9844559585492227
0.68,0.4,0.0,0.9844559585492227,0.9844559585492227
0.68,0.45,0.0,0.9844559585492227,0.9844559585492227
0.68,0.5,0.0,0.9792746113989638,0.9792746113989638
0.68,0.55,0.0,0.9792746113989638,0.9792746113989638
0.68,0.6,0.0,0.9740932642487047,0.9740932642487047
0.68,0.65,0.0,0.9689119170984456,0.9689119170984456
0.68,0.7,0.0,0.9585492227979274,0.9585492227979274
0.68,0.75,0.0,0.9585492227979274,0.9585492227979274
0.68,0.8,0.0,0.9533678756476683,0.9533678756476683
0.69,0.0,0.0,0.9844559585492227,0.9844559585492227
0.69,0.05,0.0,0.9844559585492227,0.9844559585492227
0.69,0.1,0.0,0.9844559585492227,0.9844559585492227
0.69,0.15,0.0,0.9844559585492227,0.9844559585492227
0.69,0.2,0.0,0.9844559585492227,0.9844559585492227
0.69,0.25,0.0,0.9844559585492227,0.9844559585492227
0.69,0.3,0.0,0.9844559585492227,0.9844559585492227
0.69,0.35,0.0,0.9844559585492227,0.9844559585492227
0.69,0.4,0.0,0.9844559585492227,0.9844559585492227
0.69,0.45,0.0,0.9844559585492227,0.9844559585492227
0.69,0.5,0.0,0.9792746113989638,0.9792746113989638
0.69,0.55,0.0,0.9792746113989638,0.9792746113989638
0.69,0.6,0.0,0.9740932642487047,0.9740932642487047
0.69,0.65,0.0,0.9689119170984456,0.9689119170984456
0.69,0.7,0.0,0.9585492227979274,0.9585492227979274
0.69,0.75,0.0,0.9585492227979274,0.9585492227979274
0.69,0.8,0.0,0.9533678756476683,0.9533678756476683
0.7,0.0,0.0,0.9844559585492227,0.9844559585492227
0.7,0.05,0.0,0.9844559585492227,0.9844559585492227
0.7,0.1,0.0,0.9844559585492227,0.9844559585492227
0.7,0.15,0.0,0.9844559585492227,0.9844559585492227
0.7,0.2,0.0,0.9844559585492227,0.9844559585492227
0.7,0.25,0.0,0.9844559585492227,0.9844559585492227
0.7,0.3,0.0,0.9844559585492227,0.9844559585492227
0.7,0.35,0.0,0.9844559585492227,0.9844559585492227
0.7,0.4,0.0,0.9844559585492227,0.9844559585492227
0.7,0.45,0.0,0.9844559585492227,0.9844559585492227
0.7,0.5,0.0,0.9792746113989638,0.9792746113989638
0.7,0.55,0.0,0.9792746113989638,0.9792746113989638
0.7,0.6,0.0,0.9740932642487047,0.9740932642487047
0.7,0.65,0.0,0.9689119170984456,0.9689119170984456
0.7,0.7,0.0,0.9585492227979274,0.9585492227979274
0.7,0.75,0.0,0.9585492227979274,0.9585492227979274
0.7,0.8,0.0,0.9533678756476683,0.9533678756476683
0.71,0.0,0.0,0.9844559585492227,0.9844559585492227
0.71,0.05,0.0,0.9844559585492227,0.9844559585492227
0.71,0.1,0.0,0.9844559585492227,0.9844559585492227
0.71,0.15,0.0,0.9844559585492227,0.9844559585492227
0.71,0.2,0.0,0.9844559585492227,0.9844559585492227
0.71,0.25,0.0,0.9844559585492227,0.9844559585492227
0.71,0.3,0.0,0.9844559585492227,0.9844559585492227
0.71,0.35,0.0,0.9844559585492227,0.9844559585492227
0.71,0.4,0.0,0.9844559585492227,0.9844559585492227
0.71,0.45,0.0,0.9844559585492227,0.9844559585492227
0.71,0.5,0.0,0.9792746113989638,0.9792746113989638
0.71,0.55,0.0,0.9792746113989638,0.9792746113989638
0.71,0.6,0.0,0.9740932642487047,0.9740932642487047
0.71,0.65,0.0,0.9689119170984456,0.9689119170984456
0.71,0.7,0.0,0.9585492227979274,0.9585492227979274
0.71,0.75,0.0,0.9585492227979274,0.9585492227979274
0.71,0.8,0.0,0.9533678756476683,0.9533678756476683
0.72,0.0,0.0,0.9844559585492227,0.9844559585492227
0.72,0.05,0.0,0.9844559585492227,0.9844559585492227
0.72,0.1,0.0,0.9844559585492227,0.9844559585492227
0.72,0.15,0.0,0.9844559585492227,0.9844559585492227
0.72,0.2,0.0,0.9844559585492227,0.9844559585492227
0.72,0.25,0.0,0.9844559585492227,0.9844559585492227
0.72,0.3,0.0,0.9844559585492227,0.9844559585492227
0.72,0.35,0.0,0.9844559585492227,0.9844559585492227
0.72,0.4,0.0,0.9844559585492227,0.9844559585492227
0.72,0.45,0.0,0.9844559585492227,0.9844559585492227
0.72,0.5,0.0,0.9792746113989638,0.9792746113989638
0.72,0.55,0.0,0.9792746113989638,0.9792746113989638
0.72,0.6,0.0,0.9740932642487047,0.9740932642487047
0.72,0.65,0.0,0.9689119170984456,0.9689119170984456
0.72,0.7,0.0,0.9585492227979274,0.9585492227979274
0.72,0.75,0.0,0.9585492227979274,0.9585492227979274
0.72,0.8,0.0,0.9533678756476683,0.9533678756476683
0.73,0.0,0.0,0.9792746113989638,0.9792746113989638
0.73,0.05,0.0,0.9792746113989638,0.9792746113989638
0.73,0.1,0.0,0.9792746113989638,0.9792746113989638
0.73,0.15,0.0,0.9792746113989638,0.9792746113989638
0.73,0.2,0.0,0.9792746113989638,0.9792746113989638
0.73,0.25,0.0,0.9792746113989638,0.9792746113989638
0.73,0.3,0.0,0.9792746113989638,0.9792746113989638
0.73,0.35,0.0,0.9792746113989638,0.9792746113989638
0.73,0.4,0.0,0.9792746113989638,0.9792746113989638
0.73,0.45,0.0,0.9792746113989638,0.9792746113989638
0.73,0.5,0.0,0.9792746113989638,0.9792746113989638
0.73,0.55,0.0,0.9792746113989638,0.9792746113989638
0.73,0.6,0.0,0.9740932642487047,0.9740932642487047
0.73,0.65,0.0,0.9689119170984456,0.9689119170984456
0.73,0.7,0.0,0.9585492227979274,0.9585492227979274
0.73,0.75,0.0,0.9585492227979274,0.9585492227979274
0.73,0.8,0.0,0.9533678756476683,0.9533678756476683
0.74,0.0,0.0,0.9792746113989638,0.9792746113989638
0.74,0.05,0.0,0.9792746113989638,0.9792746113989638
0.74,0.1,0.0,0.9792746113989638,0.9792746113989638
0.74,0.15,0.0,0.9792746113989638,0.9792746113989638
0.74,0.2,0.0,0.9792746113989638,0.9792746113989638
0.74,0.25,0.0,0.9792746113989638,0.9792746113989638
0.74,0.3,0.0,0.9792746113989638,0.9792746113989638
0.74,0.35,0.0,0.9792746113989638,0.9792746113989638
0.74,0.4,0.0,0.9792746113989638,0.9792746113989638
0.74,0.45,0.0,0.9792746113989638,0.9792746113989638
0.74,0.5,0.0,0.9792746113989638,0.9792746113989638
0.74,0.55,0.0,0.9792746113989638,0.9792746113989638
0.74,0.6,0.0,0.9740932642487047,0.9740932642487047
0.74,0.65,0.0,0.9689119170984456,0.9689119170984456
0.74,0.7,0.0,0.9585492227979274,0.9585492227979274
0.74,0.75,0.0,0.9585492227979274,0.9585492227979274
0.74,0.8,0.0,0.9533678756476683,0.9533678756476683
0.75,0.0,0.0,0.9792746113989638,0.9792746113989638
0.75,0.05,0.0,0.9792746113989638,0.9792746113989638
0.75,0.1,0.0,0.9792746113989638,0.9792746113989638
0.75,0.15,0.0,0.9792746113989638,0.9792746113989638
0.75,0.2,0.0,0.9792746113989638,0.9792746113989638
0.75,0.25,0.0,0.9792746113989638,0.9792746113989638
0.75,0.3,0.0,0.9792746113989638,0.9792746113989638
0.75,0.35,0.0,0.9792746113989638,0.9792746113989638
0.75,0.4,0.0,0.9792746113989638,0.9792746113989638
0.75,0.45,0.0,0.9792746113989638,0.9792746113989638
0.75,0.5,0.0,0.9792746113989638,0.9792746113989638
0.75,0.55,0.0,0.9792746113989638,0.9792746113989638
0.75,0.6,0.0,0.9740932642487047,0.9740932642487047
0.75,0.65,0.0,0.9689119170984456,0.9689119170984456
0.75,0.7,0.0,0.9585492227979274,0.9585492227979274
0.75,0.75,0.0,0.9585492227979274,0.9585492227979274
0.75,0.8,0.0,0.9533678756476683,0.9533678756476683
0.76,0.0,0.0,0.9792746113989638,0.9792746113989638
0.76,0.05,0.0,0.9792746113989638,0.9792746113989638
0.76,0.1,0.0,0.9792746113989638,0.9792746113989638
0.76,0.15,0.0,0.9792746113989638,0.9792746113989638
0.76,0.2,0.0,0.9792746113989638,0.9792746113989638
0.76,0.25,0.0,0.9792746113989638,0.9792746113989638
0.76,0.3,0.0,0.9792746113989638,0.9792746113989638
0.76,0.35,0.0,0.9792746113989638,0.9792746113989638
0.76,0.4,0.0,0.9792746113989638,0.9792746113989638
0.76,0.45,0.0,0.9792746113989638,0.9792746113989638
0.76,0.5,0.0,0.9792746113989638,0.9792746113989638
0.76,0.55,0.0,0.9792746113989638,0.9792746113989638
0.76,0.6,0.0,0.9740932642487047,0.9740932642487047
0.76,0.65,0.0,0.9689119170984456,0.9689119170984456
0.76,0.7,0.0,0.9585492227979274,0.9585492227979274
0.76,0.75,0.0,0.9585492227979274,0.9585492227979274
0.76,0.8,0.0,0.9533678756476683,0.9533678756476683
0.77,0.0,0.0,0.9792746113989638,0.9792746113989638
0.77,0.05,0.0,0.9792746113989638,0.9792746113989638
0.77,0.1,0.0,0.9792746113989638,0.9792746113989638
0.77,0.15,0.0,0.9792746113989638,0.9792746113989638
0.77,0.2,0.0,0.9792746113989638,0.9792746113989638
0.77,0.25,0.0,0.9792746113989638,0.9792746113989638
0.77,0.3,0.0,0.9792746113989638,0.9792746113989638
0.77,0.35,0.0,0.9792746113989638,0.9792746113989638
0.77,0.4,0.0,0.9792746113989638,0.9792746113989638
0.77,0.45,0.0,0.9792746113989638,0.9792746113989638
0.77,0.5,0.0,0.9792746113989638,0.9792746113989638
0.77,0.55,0.0,0.9792746113989638,0.9792746113989638
0.77,0.6,0.0,0.9740932642487047,0.9740932642487047
0.77,0.65,0.0,0.9689119170984456,0.9689119170984456
0.77,0.7,0.0,0.9585492227979274,0.9585492227979274
0.77,0.75,0.0,0.9585492227979274,0.9585492227979274
0.77,0.8,0.0,0.9533678756476683,0.9533678756476683
0.78,0.0,0.0,0.9740932642487047,0.9740932642487047
0.78,0.05,0.0,0.9740932642487047,0.9740932642487047
0.78,0.1,0.0,0.9740932642487047,0.9740932642487047
0.78,0.15,0.0,0.9740932642487047,0.9740932642487047
0.78,0.2,0.0,0.9740932642487047,0.9740932642487047
0.78,0.25,0.0,0.9740932642487047,0.9740932642487047
0.78,0.3,0.0,0.9740932642487047,0.9740932642487047
0.78,0.35,0.0,0.9740932642487047,0.9740932642487047
0.78,0.4,0.0,0.9740932642487047,0.9740932642487047
0.78,0.45,0.0,0.9740932642487047,0.9740932642487047
0.78,0.5,0.0,0.9740932642487047,0.9740932642487047
0.78,0.55,0.0,0.9740932642487047,0.9740932642487047
0.78,0.6,0.0,0.9740932642487047,0.9740932642487047
0.78,0.65,0.0,0.9689119170984456,0.9689119170984456
0.78,0.7,0.0,0.9585492227979274,0.9585492227979274
0.78,0.75,0.0,0.9585492227979274,0.9585492227979274
0.78,0.8,0.0,0.9533678756476683,0.9533678756476683
0.79,0.0,0.0,0.9740932642487047,0.9740932642487047
0.79,0.05,0.0,0.9740932642487047,0.9740932642487047
0.79,0.1,0.0,0.9740932642487047,0.9740932642487047
0.79,0.15,0.0,0.9740932642487047,0.9740932642487047
0.79,0.2,0.0,0.9740932642487047,0.9740932642487047
0.79,0.25,0.0,0.9740932642487047,0.9740932642487047
0.79,0.3,0.0,0.9740932642487047,0.9740932642487047
0.79,0.35,0.0,0.9740932642487047,0.9740932642487047
0.79,0.4,0.0,0.9740932642487047,0.9740932642487047
0.79,0.45,0.0,0.9740932642487047,0.9740932642487047
0.79,0.5,0.0,0.9740932642487047,0.9740932642487047
0.79,0.55,0.0,0.9740932642487047,0.9740932642487047
0.79,0.6,0.0,0.9740932642487047,0.9740932642487047
0.79,0.65,0.0,0.9689119170984456,0.9689119170984456
0.79,0.7,0.0,0.9585492227979274,0.9585492227979274
0.79,0.75,0.0,0.9585492227979274,0.9585492227979274
0.79,0.8,0.0,0.9533678756476683,0.9533678756476683
0.8,0.0,0.0,0.9740932642487047,0.9740932642487047
0.8,0.05,0.0,0.9740932642487047,0.9740932642487047
0.8,0.1,0.0,0.9740932642487047,0.9740932642487047
0.8,0.15,0.0,0.9740932642487047,0.9740932642487047
0.8,0.2,0.0,0.9740932642487047,0.9740932642487047
0.8,0.25,0.0,0.9740932642487047,0.9740932642487047
0.8,0.3,0.0,0.9740932642487047,0.9740932642487047
0.8,0.35,0.0,0.9740932642487047,0.9740932642487047
0.8,0.4,0.0,0.9740932642487047,0.9740932642487047
0.8,0.45,0.0,0.9740932642487047,0.9740932642487047
0.8,0.5,0.0,0.9740932642487047,0.9740932642487047
0.8,0.55,0.0,0.9740932642487047,0.9740932642487047
0.8,0.6,0.0,0.9740932642487047,0.9740932642487047
0.8,0.65,0.0,0.9689119170984456,0.9689119170984456
0.8,0.7,0.0,0.9585492227979274,0.9585492227979274
0.8,0.75,0.0,0.9585492227979274,0.9585492227979274
0.8,0.8,0.0,0.9533678756476683,0.9533678756476683
0.81,0.0,0.0,0.9740932642487047,0.9740932642487047
0.81,0.05,0.0,0.9740932642487047,0.9740932642487047
0.81,0.1,0.0,0.9740932642487047,0.9740932642487047
0.81,0.15,0.0,0.9740932642487047,0.9740932642487047
0.81,0.2,0.0,0.9740932642487047,0.9740932642487047
0.81,0.25,0.0,0.9740932642487047,0.9740932642487047
0.81,0.3,0.0,0.9740932642487047,0.9740932642487047
0.81,0.35,0.0,0.9740932642487047,0.9740932642487047
0.81,0.4,0.0,0.9740932642487047,0.9740932642487047
0.81,0.45,0.0,0.9740932642487047,0.9740932642487047
0.81,0.5,0.0,0.9740932642487047,0.9740932642487047
0.81,0.55,0.0,0.9740932642487047,0.9740932642487047
0.81,0.6,0.0,0.9740932642487047,0.9740932642487047
0.81,0.65,0.0,0.9689119170984456,0.9689119170984456
0.81,0.7,0.0,0.9585492227979274,0.9585492227979274
0.81,0.75,0.0,0.9585492227979274,0.9585492227979274
0.81,0.8,0.0,0.9533678756476683,0.9533678756476683
0.82,0.0,0.0,0.9740932642487047,0.9740932642487047
0.82,0.05,0.0,0.9740932642487047,0.9740932642487047
0.82,0.1,0.0,0.9740932642487047,0.9740932642487047
0.82,0.15,0.0,0.9740932642487047,0.9740932642487047
0.82,0.2,0.0,0.9740932642487047,0.9740932642487047
0.82,0.25,0.0,0.9740932642487047,0.9740932642487047
0.82,0.3,0.0,0.9740932642487047,0.9740932642487047
0.82,0.35,0.0,0.9740932642487047,0.9740932642487047
0.82,0.4,0.0,0.9740932642487047,0.9740932642487047
0.82,0.45,0.0,0.9740932642487047,0.9740932642487047
0.82,0.5,0.0,0.9740932642487047,0.9740932642487047
0.82,0.55,0.0,0.9740932642487047,0.9740932642487047
0.82,0.6,0.0,0.9740932642487047,0.9740932642487047
0.82,0.65,0.0,0.9689119170984456,0.9689119170984456
0.82,0.7,0.0,0.9585492227979274,0.9585492227979274
0.82,0.75,0.0,0.9585492227979274,0.9585492227979274
0.82,0.8,0.0,0.9533678756476683,0.9533678756476683
0.83,0.0,0.0,0.9689119170984456,0.9689119170984456
0.83,0.05,0.0,0.9689119170984456,0.9689119170984456
0.83,0.1,0.0,0.9689119170984456,0.9689119170984456
0.83,0.15,0.0,0.9689119170984456,0.9689119170984456
0.83,0.2,0.0,0.9689119170984456,0.9689119170984456
0.83,0.25,0.0,0.9689119170984456,0.9689119170984456
0.83,0.3,0.0,0.9689119170984456,0.9689119170984456
0.83,0.35,0.0,0.9689119170984456,0.9689119170984456
0.83,0.4,0.0,0.9689119170984456,0.9689119170984456
0.83,0.45,0.0,0.9689119170984456,0.9689119170984456
0.83,0.5,0.0,0.9689119170984456,0.9689119170984456
0.83,0.55,0.0,0.9689119170984456,0.9689119170984456
0.83,0.6,0.0,0.9689119170984456,0.9689119170984456
0.83,0.65,0.0,0.9689119170984456,0.9689119170984456
0.83,0.7,0.0,0.9585492227979274,0.9585492227979274
0.83,0.75,0.0,0.9585492227979274,0.9585492227979274
0.83,0.8,0.0,0.9533678756476683,0.9533678756476683
0.84,0.0,0.0,0.9689119170984456,0.9689119170984456
0.84,0.05,0.0,0.9689119170984456,0.9689119170984456
0.84,0.1,0.0,0.9689119170984456,0.9689119170984456
0.84,0.15,0.0,0.9689119170984456,0.9689119170984456
0.84,0.2,0.0,0.9689119170984456,0.9689119170984456
0.84,0.25,0.0,0.9689119170984456,0.9689119170984456
0.84,0.3,0.0,0.9689119170984456,0.9689119170984456
0.84,0.35,0.0,0.9689119170984456,0.9689119170984456
0.84,0.4,0.0,0.9689119170984456,0.9689119170984456
0.84,0.45,0.0,0.9689119170984456,0.9689119170984456
0.84,0.5,0.0,0.9689119170984456,0.9689119170984456
0.84,0.55,0.0,0.9689119170984456,0.9689119170984456
0.84,0.6,0.0,0.9689119170984456,0.9689119170984456
0.84,0.65,0.0,0.9689119170984456,0.9689119170984456
0.84,0.7,0.0,0.9585492227979274,0.9585492227979274
0.84,0.75,0.0,0.9585492227979274,0.9585492227979274
0.84,0.8,0.0,0.9533678756476683,0.9533678756476683
0.85,0.0,0.0,0.9585492227979274,0.9585492227979274
0.85,0.05,0.0,0.9585492227979274,0.9585492227979274
0.85,0.1,0.0,0.9585492227979274,0.9585492227979274
0.85,0.15,0.0,0.9585492227979274,0.9585492227979274
0.85,0.2,0.0,0.9585492227979274,0.9585492227979274
0.85,0.25,0.0,0.9585492227979274,0.9585492227979274
0.85,0.3,0.0,0.9585492227979274,0.9585492227979274
0.85,0.35,0.0,0.9585492227979274,0.9585492227979274
0.85,0.4,0.0,0.9585492227979274,0.9585492227979274
0.85,0.45,0.0,0.9585492227979274,0.9585492227979274
0.85,0.5,0.0,0.9585492227979274,0.9585492227979274
0.85,0.55,0.0,0.9585492227979274,0.9585492227979274
0.85,0.6,0.0,0.9585492227979274,0.9585492227979274
0.85,0.65,0.0,0.9585492227979274,0.9585492227979274
0.85,0.7,0.0,0.9585492227979274,0.9585492227979274
0.85,0.75,0.0,0.9585492227979274,0.9585492227979274
0.85,0.8,0.0,0.9533678756476683,0.9533678756476683
0.86,0.0,0.0,0.9585492227979274,0.9585492227979274
0.86,0.05,0.0,0.9585492227979274,0.9585492227979274
0.86,0.1,0.0,0.9585492227979274,0.9585492227979274
0.86,0.15,0.0,0.9585492227979274,0.9585492227979274
0.86,0.2,0.0,0.9585492227979274,0.9585492227979274
0.86,0.25,0.0,0.9585492227979274,0.9585492227979274
0.86,0.3,0.0,0.9585492227979274,0.9585492227979274
0.86,0.35,0.0,0.9585492227979274,0.9585492227979274
0.86,0.4,0.0,0.9585492227979274,0.9585492227979274
0.86,0.45,0.0,0.9585492227979274,0.9585492227979274
0.86,0.5,0.0,0.9585492227979274,0.9585492227979274
0.86,0.55,0.0,0.9585492227979274,0.9585492227979274
0.86,0.6,0.0,0.9585492227979274,0.9585492227979274
0.86,0.65,0.0,0.9585492227979274,0.9585492227979274
0.86,0.7,0.0,0.9585492227979274,0.9585492227979274
0.86,0.75,0.0,0.9585492227979274,0.9585492227979274
0.86,0.8,0.0,0.9533678756476683,0.9533678756476683
0.87,0.0,0.0,0.9585492227979274,0.9585492227979274
0.87,0.05,0.0,0.9585492227979274,0.9585492227979274
0.87,0.1,0.0,0.9585492227979274,0.9585492227979274
0.87,0.15,0.0,0.9585492227979274,0.9585492227979274
0.87,0.2,0.0,0.9585492227979274,0.9585492227979274
0.87,0.25,0.0,0.9585492227979274,0.9585492227979274
0.87,0.3,0.0,0.9585492227979274,0.9585492227979274
0.87,0.35,0.0,0.9585492227979274,0.9585492227979274
0.87,0.4,0.0,0.9585492227979274,0.9585492227979274
0.87,0.45,0.0,0.9585492227979274,0.9585492227979274
0.87,0.5,0.0,0.9585492227979274,0.9585492227979274
0.87,0.55,0.0,0.9585492227979274,0.9585492227979274
0.87,0.6,0.0,0.9585492227979274,0.9585492227979274
0.87,0.65,0.0,0.9585492227979274,0.9585492227979274
0.87,0.7,0.0,0.9585492227979274,0.9585492227979274
0.87,0.75,0.0,0.9585492227979274,0.9585492227979274
0.87,0.8,0.0,0.9533678756476683,0.9533678756476683
0.88,0.0,0.0,0.9585492227979274,0.9585492227979274
0.88,0.05,0.0,0.9585492227979274,0.9585492227979274
0.88,0.1,0.0,0.9585492227979274,0.9585492227979274
0.88,0.15,0.0,0.9585492227979274,0.9585492227979274
0.88,0.2,0.0,0.9585492227979274,0.9585492227979274
0.88,0.25,0.0,0.9585492227979274,0.9585492227979274
0.88,0.3,0.0,0.9585492227979274,0.9585492227979274
0.88,0.35,0.0,0.9585492227979274,0.9585492227979274
0.88,0.4,0.0,0.9585492227979274,0.9585492227979274
0.88,0.45,0.0,0.9585492227979274,0.9585492227979274
0.88,0.5,0.0,0.9585492227979274,0.9585492227979274
0.88,0.55,0.0,0.9585492227979274,0.9585492227979274
0.88,0.6,0.0,0.9585492227979274,0.9585492227979274
0.88,0.65,0.0,0.9585492227979274,0.9585492227979274
0.88,0.7,0.0,0.9585492227979274,0.9585492227979274
0.88,0.75,0.0,0.9585492227979274,0.9585492227979274
0.88,0.8,0.0,0.9533678756476683,0.9533678756476683
0.89,0.0,0.0,0.9533678756476683,0.9533678756476683
0.89,0.05,0.0,0.9533678756476683,0.9533678756476683
0.89,0.1,0.0,0.9533678756476683,0.9533678756476683
0.89,0.15,0.0,0.9533678756476683,0.9533678756476683
0.89,0.2,0.0,0.9533678756476683,0.9533678756476683
0.89,0.25,0.0,0.9533678756476683,0.9533678756476683
0.89,0.3,0.0,0.9533678756476683,0.9533678756476683
0.89,0.35,0.0,0.9533678756476683,0.9533678756476683
0.89,0.4,0.0,0.9533678756476683,0.9533678756476683
0.89,0.45,0.0,0.9533678756476683,0.9533678756476683
0.89,0.5,0.0,0.9533678756476683,0.9533678756476683
0.89,0.55,0.0,0.9533678756476683,0.9533678756476683
0.89,0.6,0.0,0.9533678756476683,0.9533678756476683
0.89,0.65,0.0,0.9533678756476683,0.9533678756476683
0.89,0.7,0.0,0.9533678756476683,0.9533678756476683
0.89,0.75,0.0,0.9533678756476683,0.9533678756476683
0.89,0.8,0.0,0.9533678756476683,0.9533678756476683
0.9,0.0,0.0,0.9533678756476683,0.9533678756476683
0.9,0.05,0.0,0.9533678756476683,0.9533678756476683
0.9,0.1,0.0,0.9533678756476683,0.9533678756476683
0.9,0.15,0.0,0.9533678756476683,0.9533678756476683
0.9,0.2,0.0,0.9533678756476683,0.9533678756476683
0.9,0.25,0.0,0.9533678756476683,0.9533678756476683
0.9,0.3,0.0,0.9533678756476683,0.9533678756476683
0.9,0.35,0.0,0.9533678756476683,0.9533678756476683
0.9,0.4,0.0,0.9533678756476683,0.9533678756476683
0.9,0.45,0.0,0.9533678756476683,0.9533678756476683
0.9,0.5,0.0,0.9533678756476683,0.9533678756476683
0.9,0.55,0.0,0.9533678756476683,0.9533678756476683
0.9,0.6,0.0,0.9533678756476683,0.9533678756476683
0.9,0.65,0.0,0.9533678756476683,0.9533678756476683
0.9,0.7,0.0,0.9533678756476683,0.9533678756476683
0.9,0.75,0.0,0.9533678756476683,0.9533678756476683
0.9,0.8,0.0,0.9533678756476683,0.9533678756476683
0.91,0.0,0.0,0.9533678756476683,0.9533678756476683
0.91,0.05,0.0,0.9533678756476683,0.9533678756476683
0.91,0.1,0.0,0.9533678756476683,0.9533678756476683
0.91,0.15,0.0,0.9533678756476683,0.9533678756476683
0.91,0.2,0.0,0.9533678756476683,0.9533678756476683
0.91,0.25,0.0,0.9533678756476683,0.9533678756476683
0.91,0.3,0.0,0.9533678756476683,0.9533678756476683
0.91,0.35,0.0,0.9533678756476683,0.9533678756476683
0.91,0.4,0.0,0.9533678756476683,0.9533678756476683
0.91,0.45,0.0,0.9533678756476683,0.9533678756476683
0.91,0.5,0.0,0.9533678756476683,0.9533678756476683
0.91,0.55,0.0,0.9533678756476683,0.9533678756476683
0.91,0.6,0.0,0.9533678756476683,0.9533678756476683
0.91,0.65,0.0,0.9533678756476683,0.9533678756476683
0.91,0.7,0.0,0.9533678756476683,0.9533678756476683
0.91,0.75,0.0,0.9533678756476683,0.9533678756476683
0.91,0.8,0.0,0.9533678756476683,0.9533678756476683
0.92,0.0,0.0,0.9378238341968912,0.9378238341968912
0.92,0.05,0.0,0.9378238341968912,0.9378238341968912
0.92,0.1,0.0,0.9378238341968912,0.9378238341968912
0.92,0.15,0.0,0.9378238341968912,0.9378238341968912
0.92,0.2,0.0,0.9378238341968912,0.9378238341968912
0.92,0.25,0.0,0.9378238341968912,0.9378238341968912
0.92,0.3,0.0,0.9378238341968912,0.9378238341968912
0.92,0.35,0.0,0.9378238341968912,0.9378238341968912
0.92,0.4,0.0,0.9378238341968912,0.9378238341968912
0.92,0.45,0.0,0.9378238341968912,0.9378238341968912
0.92,0.5,0.0,0.9378238341968912,0.9378238341968912
0.92,0.55,0.0,0.9378238341968912,0.9378238341968912
0.92,0.6,0.0,0.9378238341968912,0.9378238341968912
0.92,0.65,0.0,0.9378238341968912,0.9378238341968912
0.92,0.7,0.0,0.9378238341968912,0.9378238341968912
0.92,0.75,0.0,0.9378238341968912,0.9378238341968912
0.92,0.8,0.0,0.9378238341968912,0.9378238341968912
0.93,0.0,0.0,0.9378238341968912,0.9378238341968912
0.93,0.05,0.0,0.9378238341968912,0.9378238341968912
0.93,0.1,0.0,0.9378238341968912,0.9378238341968912
0.93,0.15,0.0,0.9378238341968912,0.9378238341968912
0.93,0.2,0.0,0.9378238341968912,0.9378238341968912
0.93,0.25,0.0,0.9378238341968912,0.9378238341968912
0.93,0.3,0.0,0.9378238341968912,0.9378238341968912
0.93,0.35,0.0,0.9378238341968912,0.9378238341968912
0.93,0.4,0.0,0.9378238341968912,0.9378238341968912
0.93,0.45,0.0,0.9378238341968912,0.9378238341968912
0.93,0.5,0.0,0.9378238341968912,0.9378238341968912
0.93,0.55,0.0,0.9378238341968912,0.9378238341968912
0.93,0.6,0.0,0.9378238341968912,0.9378238341968912
0.93,0.65,0.0,0.9378238341968912,0.9378238341968912
0.93,0.7,0.0,0.9378238341968912,0.9378238341968912
0.93,0.75,0.0,0.9378238341968912,0.9378238341968912
0.93,0.8,0.0,0.9378238341968912,0.9378238341968912
0.94,0.0,0.0,0.9326424870466321,0.9326424870466321
0.94,0.05,0.0,0.9326424870466321,0.9326424870466321
0.94,0.1,0.0,0.9326424870466321,0.9326424870466321
0.94,0.15,0.0,0.9326424870466321,0.9326424870466321
0.94,0.2,0.0,0.9326424870466321,0.9326424870466321
0.94,0.25,0.0,0.9326424870466321,0.9326424870466321
0.94,0.3,0.0,0.9326424870466321,0.9326424870466321
0.94,0.35,0.0,0.9326424870466321,0.9326424870466321
0.94,0.4,0.0,0.9326424870466321,0.9326424870466321
0.94,0.45,0.0,0.9326424870466321,0.9326424870466321
0.94,0.5,0.0,0.9326424870466321,0.9326424870466321
0.94,0.55,0.0,0.9326424870466321,0.9326424870466321
0.94,0.6,0.0,0.9326424870466321,0.9326424870466321
0.94,0.65,0.0,0.9326424870466321,0.9326424870466321
0.94,0.7,0.0,0.9326424870466321,0.9326424870466321
0.94,0.75,0.0,0.9326424870466321,0.9326424870466321
0.94,0.8,0.0,0.9326424870466321,0.9326424870466321
0.95,0.0,0.0,0.9326424870466321,0.9326424870466321
0.95,0.05,0.0,0.9326424870466321,0.9326424870466321
0.95,0.1,0.0,0.9326424870466321,0.9326424870466321
0.95,0.15,0.0,0.9326424870466321,0.9326424870466321
0.95,0.2,0.0,0.9326424870466321,0.9326424870466321
0.95,0.25,0.0,0.9326424870466321,0.9326424870466321
0.95,0.3,0.0,0.9326424870466321,0.9326424870466321
0.95,0.35,0.0,0.9326424870466321,0.9326424870466321
0.95,0.4,0.0,0.9326424870466321,0.9326424870466321
0.95,0.45,0.0,0.9326424870466321,0.9326424870466321
0.95,0.5,0.0,0.9326424870466321,0.9326424870466321
0.95,0.55,0.0,0.9326424870466321,0.9326424870466321
0.95,0.6,0.0,0.9326424870466321,0.9326424870466321
0.95,0.65,0.0,0.9326424870466321,0.9326424870466321
0.95,0.7,0.0,0.9326424870466321,0.9326424870466321
0.95,0.75,0.0,0.9326424870466321,0.9326424870466321
0.95,0.8,0.0,0.9326424870466321,0.9326424870466321
0.96,0.0,0.0,0.927461139896373,0.927461139896373
0.96,0.05,0.0,0.927461139896373,0.927461139896373
0.96,0.1,0.0,0.927461139896373,0.927461139896373
0.96,0.15,0.0,0.927461139896373,0.927461139896373
0.96,0.2,0.0,0.927461139896373,0.927461139896373
0.96,0.25,0.0,0.927461139896373,0.927461139896373
0.96,0.3,0.0,0.927461139896373,0.927461139896373
0.96,0.35,0.0,0.927461139896373,0.927461139896373
0.96,0.4,0.0,0.927461139896373,0.927461139896373
0.96,0.45,0.0,0.927461139896373,0.927461139896373
0.96,0.5,0.0,0.927461139896373,0.927461139896373
0.96,0.55,0.0,0.927461139896373,0.927461139896373
0.96,0.6,0.0,0.927461139896373,0.927461139896373
0.96,0.65,0.0,0.927461139896373,0.927461139896373
0.96,0.7,0.0,0.927461139896373,0.927461139896373
0.96,0.75,0.0,0.927461139896373,0.927461139896373
0.96,0.8,0.0,0.927461139896373,0.927461139896373
0.97,0.0,0.0,0.927461139896373,0.927461139896373
0.97,0.05,0.0,0.927461139896373,0.927461139896373
0.97,0.1,0.0,0.927461139896373,0.927461139896373
0.97,0.15,0.0,0.927461139896373,0.927461139896373
0.97,0.2,0.0,0.927461139896373,0.927461139896373
0.97,0.25,0.0,0.927461139896373,0.927461139896373
0.97,0.3,0.0,0.927461139896373,0.927461139896373
0.97,0.35,0.0,0.927461139896373,0.927461139896373
0.97,0.4,0.0,0.927461139896373,0.927461139896373
0.97,0.45,0.0,0.927461139896373,0.927461139896373
0.97,0.5,0.0,0.927461139896373,0.927461139896373
0.97,0.55,0.0,0.927461139896373,0.927461139896373
0.97,0.6,0.0,0.927461139896373,0.927461139896373
0.97,0.65,0.0,0.927461139896373,0.927461139896373
0.97,0.7,0.0,0.927461139896373,0.927461139896373
0.97,0.75,0.0,0.927461139896373,0.927461139896373
0.97,0.8,0.0,0.927461139896373,0.927461139896373
0.98,0.0,0.0,0.9015544041450777,0.9015544041450777
0.98,0.05,0.0,0.9015544041450777,0.9015544041450777
0.98,0.1,0.0,0.9015544041450777,0.9015544041450777
0.98,0.15,0.0,0.9015544041450777,0.9015544041450777
0.98,0.2,0.0,0.9015544041450777,0.9015544041450777
0.98,0.25,0.0,0.9015544041450777,0.9015544041450777
0.98,0.3,0.0,0.9015544041450777,0.9015544041450777
0.98,0.35,0.0,0.9015544041450777,0.9015544041450777
0.98,0.4,0.0,0.9015544041450777,0.9015544041450777
0.98,0.45,0.0,0.9015544041450777,0.9015544041450777
0.98,0.5,0.0,0.9015544041450777,0.9015544041450777
0.98,0.55,0.0,0.9015544041450777,0.9015544041450777
0.98,0.6,0.0,0.9015544041450777,0.9015544041450777
0.98,0.65,0.0,0.9015544041450777,0.9015544041450777
0.98,0.7,0.0,0.9015544041450777,0.9015544041450777
0.98,0.75,0.0,0.9015544041450777,0.9015544041450777
0.98,0.8,0.0,0.9015544041450777,0.9015544041450777
0.99,0.0,0.0,0.8704663212435233,0.8704663212435233
0.99,0.05,0.0,0.8704663212435233,0.8704663212435233
0.99,0.1,0.0,0.8704663212435233,0.8704663212435233
0.99,0.15,0.0,0.8704663212435233,0.8704663212435233
0.99,0.2,0.0,0.8704663212435233,0.8704663212435233
0.99,0.25,0.0,0.8704663212435233,0.8704663212435233
0.99,0.3,0.0,0.8704663212435233,0.8704663212435233
0.99,0.35,0.0,0.8704663212435233,0.8704663212435233
0.99,0.4,0.0,0.8704663212435233,0.8704663212435233
0.99,0.45,0.0,0.8704663212435233,0.8704663212435233
0.99,0.5,0.0,0.8704663212435233,0.8704663212435233
0.99,0.55,0.0,0.8704663212435233,0.8704663212435233
0.99,0.6,0.0,0.8704663212435233,0.8704663212435233
0.99,0.65,0.0,0.8704663212435233,0.8704663212435233
0.99,0.7,0.0,0.8704663212435233,0.8704663212435233
0.99,0.75,0.0,0.8704663212435233,0.8704663212435233
0.99,0.8,0.0,0.8704663212435233,0.8704663212435233
