epoch,accuracy,learning_rate,loss,val_accuracy,val_loss,val_macro_f1
0,0.9918888807296753,9.999999747378752e-06,0.028092985972762108,0.980861246585846,0.04916604980826378,0.9860991068856237
1,0.9961110949516296,9.999999747378752e-06,0.013642261736094952,0.9856459498405457,0.030265333130955696,0.9895824899468328
2,0.9986666440963745,9.999999747378752e-06,0.007545685861259699,0.9904305934906006,0.02803616225719452,0.9930600503416037
3,0.9986666440963745,9.999999747378752e-06,0.006739797070622444,0.9904305934906006,0.019977038726210594,0.9930690224807872
4,0.9991111159324646,9.999999747378752e-06,0.005011940840631723,0.9856459498405457,0.026240594685077667,0.9895970893410592
5,0.9992222189903259,9.999999747378752e-06,0.004792036488652229,0.9904305934906006,0.02143772877752781,0.9930600503416037
6,0.999666690826416,2.499999936844688e-06,0.0037533475551754236,0.9904305934906006,0.019628778100013733,0.9930690224807872
7,0.9992222189903259,2.499999936844688e-06,0.004612996242940426,0.9856459498405457,0.021817447617650032,0.9895970893410592
8,0.9997777938842773,2.499999936844688e-06,0.003551230998709798,0.9904305934906006,0.01988321542739868,0.9930690224807872
9,0.9998888969421387,6.24999984211172e-07,0.003175448626279831,0.9904305934906006,0.019818579778075218,0.9930690224807872
