class_name,confidence,margin,accepted,correct,precision,no_maize_false_acceptance
BAD_SEED,0.8,0.2,101,101,1.0,0.0
BAD_SEED,0.8,0.25,101,101,1.0,0.0
BAD_SEED,0.8,0.3,101,101,1.0,0.0
BAD_SEED,0.8,0.35,101,101,1.0,0.0
BAD_SEED,0.8,0.4,101,101,1.0,0.0
BAD_SEED,0.8,0.45,101,101,1.0,0.0
BAD_SEED,0.8,0.5,101,101,1.0,0.0
BAD_SEED,0.8,0.55,101,101,1.0,0.0
BAD_SEED,0.8,0.6,101,101,1.0,0.0
BAD_SEED,0.8,0.65,101,101,1.0,0.0
BAD_SEED,0.8,0.7,101,101,1.0,0.0
BAD_SEED,0.8,0.75,101,101,1.0,0.0
BAD_SEED,0.8,0.8,101,101,1.0,0.0
BAD_SEED,0.8,0.85,101,101,1.0,0.0
BAD_SEED,0.8,0.9,99,99,1.0,0.0
BAD_SEED,0.81,0.2,101,101,1.0,0.0
BAD_SEED,0.81,0.25,101,101,1.0,0.0
BAD_SEED,0.81,0.3,101,101,1.0,0.0
BAD_SEED,0.81,0.35,101,101,1.0,0.0
BAD_SEED,0.81,0.4,101,101,1.0,0.0
BAD_SEED,0.81,0.45,101,101,1.0,0.0
BAD_SEED,0.81,0.5,101,101,1.0,0.0
BAD_SEED,0.81,0.55,101,101,1.0,0.0
BAD_SEED,0.81,0.6,101,101,1.0,0.0
BAD_SEED,0.81,0.65,101,101,1.0,0.0
BAD_SEED,0.81,0.7,101,101,1.0,0.0
BAD_SEED,0.81,0.75,101,101,1.0,0.0
BAD_SEED,0.81,0.8,101,101,1.0,0.0
BAD_SEED,0.81,0.85,101,101,1.0,0.0
BAD_SEED,0.81,0.9,99,99,1.0,0.0
BAD_SEED,0.82,0.2,101,101,1.0,0.0
BAD_SEED,0.82,0.25,101,101,1.0,0.0
BAD_SEED,0.82,0.3,101,101,1.0,0.0
BAD_SEED,0.82,0.35,101,101,1.0,0.0
BAD_SEED,0.82,0.4,101,101,1.0,0.0
BAD_SEED,0.82,0.45,101,101,1.0,0.0
BAD_SEED,0.82,0.5,101,101,1.0,0.0
BAD_SEED,0.82,0.55,101,101,1.0,0.0
BAD_SEED,0.82,0.6,101,101,1.0,0.0
BAD_SEED,0.82,0.65,101,101,1.0,0.0
BAD_SEED,0.82,0.7,101,101,1.0,0.0
BAD_SEED,0.82,0.75,101,101,1.0,0.0
BAD_SEED,0.82,0.8,101,101,1.0,0.0
BAD_SEED,0.82,0.85,101,101,1.0,0.0
BAD_SEED,0.82,0.9,99,99,1.0,0.0
BAD_SEED,0.83,0.2,101,101,1.0,0.0
BAD_SEED,0.83,0.25,101,101,1.0,0.0
BAD_SEED,0.83,0.3,101,101,1.0,0.0
BAD_SEED,0.83,0.35,101,101,1.0,0.0
BAD_SEED,0.83,0.4,101,101,1.0,0.0
BAD_SEED,0.83,0.45,101,101,1.0,0.0
BAD_SEED,0.83,0.5,101,101,1.0,0.0
BAD_SEED,0.83,0.55,101,101,1.0,0.0
BAD_SEED,0.83,0.6,101,101,1.0,0.0
BAD_SEED,0.83,0.65,101,101,1.0,0.0
BAD_SEED,0.83,0.7,101,101,1.0,0.0
BAD_SEED,0.83,0.75,101,101,1.0,0.0
BAD_SEED,0.83,0.8,101,101,1.0,0.0
BAD_SEED,0.83,0.85,101,101,1.0,0.0
BAD_SEED,0.83,0.9,99,99,1.0,0.0
BAD_SEED,0.84,0.2,101,101,1.0,0.0
BAD_SEED,0.84,0.25,101,101,1.0,0.0
BAD_SEED,0.84,0.3,101,101,1.0,0.0
BAD_SEED,0.84,0.35,101,101,1.0,0.0
BAD_SEED,0.84,0.4,101,101,1.0,0.0
BAD_SEED,0.84,0.45,101,101,1.0,0.0
BAD_SEED,0.84,0.5,101,101,1.0,0.0
BAD_SEED,0.84,0.55,101,101,1.0,0.0
BAD_SEED,0.84,0.6,101,101,1.0,0.0
BAD_SEED,0.84,0.65,101,101,1.0,0.0
BAD_SEED,0.84,0.7,101,101,1.0,0.0
BAD_SEED,0.84,0.75,101,101,1.0,0.0
BAD_SEED,0.84,0.8,101,101,1.0,0.0
BAD_SEED,0.84,0.85,101,101,1.0,0.0
BAD_SEED,0.84,0.9,99,99,1.0,0.0
BAD_SEED,0.85,0.2,101,101,1.0,0.0
BAD_SEED,0.85,0.25,101,101,1.0,0.0
BAD_SEED,0.85,0.3,101,101,1.0,0.0
BAD_SEED,0.85,0.35,101,101,1.0,0.0
BAD_SEED,0.85,0.4,101,101,1.0,0.0
BAD_SEED,0.85,0.45,101,101,1.0,0.0
BAD_SEED,0.85,0.5,101,101,1.0,0.0
BAD_SEED,0.85,0.55,101,101,1.0,0.0
BAD_SEED,0.85,0.6,101,101,1.0,0.0
BAD_SEED,0.85,0.65,101,101,1.0,0.0
BAD_SEED,0.85,0.7,101,101,1.0,0.0
BAD_SEED,0.85,0.75,101,101,1.0,0.0
BAD_SEED,0.85,0.8,101,101,1.0,0.0
BAD_SEED,0.85,0.85,101,101,1.0,0.0
BAD_SEED,0.85,0.9,99,99,1.0,0.0
BAD_SEED,0.86,0.2,101,101,1.0,0.0
BAD_SEED,0.86,0.25,101,101,1.0,0.0
BAD_SEED,0.86,0.3,101,101,1.0,0.0
BAD_SEED,0.86,0.35,101,101,1.0,0.0
BAD_SEED,0.86,0.4,101,101,1.0,0.0
BAD_SEED,0.86,0.45,101,101,1.0,0.0
BAD_SEED,0.86,0.5,101,101,1.0,0.0
BAD_SEED,0.86,0.55,101,101,1.0,0.0
BAD_SEED,0.86,0.6,101,101,1.0,0.0
BAD_SEED,0.86,0.65,101,101,1.0,0.0
BAD_SEED,0.86,0.7,101,101,1.0,0.0
BAD_SEED,0.86,0.75,101,101,1.0,0.0
BAD_SEED,0.86,0.8,101,101,1.0,0.0
BAD_SEED,0.86,0.85,101,101,1.0,0.0
BAD_SEED,0.86,0.9,99,99,1.0,0.0
BAD_SEED,0.87,0.2,101,101,1.0,0.0
BAD_SEED,0.87,0.25,101,101,1.0,0.0
BAD_SEED,0.87,0.3,101,101,1.0,0.0
BAD_SEED,0.87,0.35,101,101,1.0,0.0
BAD_SEED,0.87,0.4,101,101,1.0,0.0
BAD_SEED,0.87,0.45,101,101,1.0,0.0
BAD_SEED,0.87,0.5,101,101,1.0,0.0
BAD_SEED,0.87,0.55,101,101,1.0,0.0
BAD_SEED,0.87,0.6,101,101,1.0,0.0
BAD_SEED,0.87,0.65,101,101,1.0,0.0
BAD_SEED,0.87,0.7,101,101,1.0,0.0
BAD_SEED,0.87,0.75,101,101,1.0,0.0
BAD_SEED,0.87,0.8,101,101,1.0,0.0
BAD_SEED,0.87,0.85,101,101,1.0,0.0
BAD_SEED,0.87,0.9,99,99,1.0,0.0
BAD_SEED,0.88,0.2,101,101,1.0,0.0
BAD_SEED,0.88,0.25,101,101,1.0,0.0
BAD_SEED,0.88,0.3,101,101,1.0,0.0
BAD_SEED,0.88,0.35,101,101,1.0,0.0
BAD_SEED,0.88,0.4,101,101,1.0,0.0
BAD_SEED,0.88,0.45,101,101,1.0,0.0
BAD_SEED,0.88,0.5,101,101,1.0,0.0
BAD_SEED,0.88,0.55,101,101,1.0,0.0
BAD_SEED,0.88,0.6,101,101,1.0,0.0
BAD_SEED,0.88,0.65,101,101,1.0,0.0
BAD_SEED,0.88,0.7,101,101,1.0,0.0
BAD_SEED,0.88,0.75,101,101,1.0,0.0
BAD_SEED,0.88,0.8,101,101,1.0,0.0
BAD_SEED,0.88,0.85,101,101,1.0,0.0
BAD_SEED,0.88,0.9,99,99,1.0,0.0
BAD_SEED,0.89,0.2,101,101,1.0,0.0
BAD_SEED,0.89,0.25,101,101,1.0,0.0
BAD_SEED,0.89,0.3,101,101,1.0,0.0
BAD_SEED,0.89,0.35,101,101,1.0,0.0
BAD_SEED,0.89,0.4,101,101,1.0,0.0
BAD_SEED,0.89,0.45,101,101,1.0,0.0
BAD_SEED,0.89,0.5,101,101,1.0,0.0
BAD_SEED,0.89,0.55,101,101,1.0,0.0
BAD_SEED,0.89,0.6,101,101,1.0,0.0
BAD_SEED,0.89,0.65,101,101,1.0,0.0
BAD_SEED,0.89,0.7,101,101,1.0,0.0
BAD_SEED,0.89,0.75,101,101,1.0,0.0
BAD_SEED,0.89,0.8,101,101,1.0,0.0
BAD_SEED,0.89,0.85,101,101,1.0,0.0
BAD_SEED,0.89,0.9,99,99,1.0,0.0
BAD_SEED,0.9,0.2,101,101,1.0,0.0
BAD_SEED,0.9,0.25,101,101,1.0,0.0
BAD_SEED,0.9,0.3,101,101,1.0,0.0
BAD_SEED,0.9,0.35,101,101,1.0,0.0
BAD_SEED,0.9,0.4,101,101,1.0,0.0
BAD_SEED,0.9,0.45,101,101,1.0,0.0
BAD_SEED,0.9,0.5,101,101,1.0,0.0
BAD_SEED,0.9,0.55,101,101,1.0,0.0
BAD_SEED,0.9,0.6,101,101,1.0,0.0
BAD_SEED,0.9,0.65,101,101,1.0,0.0
BAD_SEED,0.9,0.7,101,101,1.0,0.0
BAD_SEED,0.9,0.75,101,101,1.0,0.0
BAD_SEED,0.9,0.8,101,101,1.0,0.0
BAD_SEED,0.9,0.85,101,101,1.0,0.0
BAD_SEED,0.9,0.9,99,99,1.0,0.0
BAD_SEED,0.91,0.2,101,101,1.0,0.0
BAD_SEED,0.91,0.25,101,101,1.0,0.0
BAD_SEED,0.91,0.3,101,101,1.0,0.0
BAD_SEED,0.91,0.35,101,101,1.0,0.0
BAD_SEED,0.91,0.4,101,101,1.0,0.0
BAD_SEED,0.91,0.45,101,101,1.0,0.0
BAD_SEED,0.91,0.5,101,101,1.0,0.0
BAD_SEED,0.91,0.55,101,101,1.0,0.0
BAD_SEED,0.91,0.6,101,101,1.0,0.0
BAD_SEED,0.91,0.65,101,101,1.0,0.0
BAD_SEED,0.91,0.7,101,101,1.0,0.0
BAD_SEED,0.91,0.75,101,101,1.0,0.0
BAD_SEED,0.91,0.8,101,101,1.0,0.0
BAD_SEED,0.91,0.85,101,101,1.0,0.0
BAD_SEED,0.91,0.9,99,99,1.0,0.0
BAD_SEED,0.92,0.2,101,101,1.0,0.0
BAD_SEED,0.92,0.25,101,101,1.0,0.0
BAD_SEED,0.92,0.3,101,101,1.0,0.0
BAD_SEED,0.92,0.35,101,101,1.0,0.0
BAD_SEED,0.92,0.4,101,101,1.0,0.0
BAD_SEED,0.92,0.45,101,101,1.0,0.0
BAD_SEED,0.92,0.5,101,101,1.0,0.0
BAD_SEED,0.92,0.55,101,101,1.0,0.0
BAD_SEED,0.92,0.6,101,101,1.0,0.0
BAD_SEED,0.92,0.65,101,101,1.0,0.0
BAD_SEED,0.92,0.7,101,101,1.0,0.0
BAD_SEED,0.92,0.75,101,101,1.0,0.0
BAD_SEED,0.92,0.8,101,101,1.0,0.0
BAD_SEED,0.92,0.85,101,101,1.0,0.0
BAD_SEED,0.92,0.9,99,99,1.0,0.0
BAD_SEED,0.93,0.2,100,100,1.0,0.0
BAD_SEED,0.93,0.25,100,100,1.0,0.0
BAD_SEED,0.93,0.3,100,100,1.0,0.0
BAD_SEED,0.93,0.35,100,100,1.0,0.0
BAD_SEED,0.93,0.4,100,100,1.0,0.0
BAD_SEED,0.93,0.45,100,100,1.0,0.0
BAD_SEED,0.93,0.5,100,100,1.0,0.0
BAD_SEED,0.93,0.55,100,100,1.0,0.0
BAD_SEED,0.93,0.6,100,100,1.0,0.0
BAD_SEED,0.93,0.65,100,100,1.0,0.0
BAD_SEED,0.93,0.7,100,100,1.0,0.0
BAD_SEED,0.93,0.75,100,100,1.0,0.0
BAD_SEED,0.93,0.8,100,100,1.0,0.0
BAD_SEED,0.93,0.85,100,100,1.0,0.0
BAD_SEED,0.93,0.9,99,99,1.0,0.0
BAD_SEED,0.94,0.2,100,100,1.0,0.0
BAD_SEED,0.94,0.25,100,100,1.0,0.0
BAD_SEED,0.94,0.3,100,100,1.0,0.0
BAD_SEED,0.94,0.35,100,100,1.0,0.0
BAD_SEED,0.94,0.4,100,100,1.0,0.0
BAD_SEED,0.94,0.45,100,100,1.0,0.0
BAD_SEED,0.94,0.5,100,100,1.0,0.0
BAD_SEED,0.94,0.55,100,100,1.0,0.0
BAD_SEED,0.94,0.6,100,100,1.0,0.0
BAD_SEED,0.94,0.65,100,100,1.0,0.0
BAD_SEED,0.94,0.7,100,100,1.0,0.0
BAD_SEED,0.94,0.75,100,100,1.0,0.0
BAD_SEED,0.94,0.8,100,100,1.0,0.0
BAD_SEED,0.94,0.85,100,100,1.0,0.0
BAD_SEED,0.94,0.9,99,99,1.0,0.0
BAD_SEED,0.95,0.2,99,99,1.0,0.0
BAD_SEED,0.95,0.25,99,99,1.0,0.0
BAD_SEED,0.95,0.3,99,99,1.0,0.0
BAD_SEED,0.95,0.35,99,99,1.0,0.0
BAD_SEED,0.95,0.4,99,99,1.0,0.0
BAD_SEED,0.95,0.45,99,99,1.0,0.0
BAD_SEED,0.95,0.5,99,99,1.0,0.0
BAD_SEED,0.95,0.55,99,99,1.0,0.0
BAD_SEED,0.95,0.6,99,99,1.0,0.0
BAD_SEED,0.95,0.65,99,99,1.0,0.0
BAD_SEED,0.95,0.7,99,99,1.0,0.0
BAD_SEED,0.95,0.75,99,99,1.0,0.0
BAD_SEED,0.95,0.8,99,99,1.0,0.0
BAD_SEED,0.95,0.85,99,99,1.0,0.0
BAD_SEED,0.95,0.9,99,99,1.0,0.0
BAD_SEED,0.96,0.2,99,99,1.0,0.0
BAD_SEED,0.96,0.25,99,99,1.0,0.0
BAD_SEED,0.96,0.3,99,99,1.0,0.0
BAD_SEED,0.96,0.35,99,99,1.0,0.0
BAD_SEED,0.96,0.4,99,99,1.0,0.0
BAD_SEED,0.96,0.45,99,99,1.0,0.0
BAD_SEED,0.96,0.5,99,99,1.0,0.0
BAD_SEED,0.96,0.55,99,99,1.0,0.0
BAD_SEED,0.96,0.6,99,99,1.0,0.0
BAD_SEED,0.96,0.65,99,99,1.0,0.0
BAD_SEED,0.96,0.7,99,99,1.0,0.0
BAD_SEED,0.96,0.75,99,99,1.0,0.0
BAD_SEED,0.96,0.8,99,99,1.0,0.0
BAD_SEED,0.96,0.85,99,99,1.0,0.0
BAD_SEED,0.96,0.9,99,99,1.0,0.0
BAD_SEED,0.97,0.2,99,99,1.0,0.0
BAD_SEED,0.97,0.25,99,99,1.0,0.0
BAD_SEED,0.97,0.3,99,99,1.0,0.0
BAD_SEED,0.97,0.35,99,99,1.0,0.0
BAD_SEED,0.97,0.4,99,99,1.0,0.0
BAD_SEED,0.97,0.45,99,99,1.0,0.0
BAD_SEED,0.97,0.5,99,99,1.0,0.0
BAD_SEED,0.97,0.55,99,99,1.0,0.0
BAD_SEED,0.97,0.6,99,99,1.0,0.0
BAD_SEED,0.97,0.65,99,99,1.0,0.0
BAD_SEED,0.97,0.7,99,99,1.0,0.0
BAD_SEED,0.97,0.75,99,99,1.0,0.0
BAD_SEED,0.97,0.8,99,99,1.0,0.0
BAD_SEED,0.97,0.85,99,99,1.0,0.0
BAD_SEED,0.97,0.9,99,99,1.0,0.0
BAD_SEED,0.98,0.2,98,98,1.0,0.0
BAD_SEED,0.98,0.25,98,98,1.0,0.0
BAD_SEED,0.98,0.3,98,98,1.0,0.0
BAD_SEED,0.98,0.35,98,98,1.0,0.0
BAD_SEED,0.98,0.4,98,98,1.0,0.0
BAD_SEED,0.98,0.45,98,98,1.0,0.0
BAD_SEED,0.98,0.5,98,98,1.0,0.0
BAD_SEED,0.98,0.55,98,98,1.0,0.0
BAD_SEED,0.98,0.6,98,98,1.0,0.0
BAD_SEED,0.98,0.65,98,98,1.0,0.0
BAD_SEED,0.98,0.7,98,98,1.0,0.0
BAD_SEED,0.98,0.75,98,98,1.0,0.0
BAD_SEED,0.98,0.8,98,98,1.0,0.0
BAD_SEED,0.98,0.85,98,98,1.0,0.0
BAD_SEED,0.98,0.9,98,98,1.0,0.0
BAD_SEED,0.99,0.2,98,98,1.0,0.0
BAD_SEED,0.99,0.25,98,98,1.0,0.0
BAD_SEED,0.99,0.3,98,98,1.0,0.0
BAD_SEED,0.99,0.35,98,98,1.0,0.0
BAD_SEED,0.99,0.4,98,98,1.0,0.0
BAD_SEED,0.99,0.45,98,98,1.0,0.0
BAD_SEED,0.99,0.5,98,98,1.0,0.0
BAD_SEED,0.99,0.55,98,98,1.0,0.0
BAD_SEED,0.99,0.6,98,98,1.0,0.0
BAD_SEED,0.99,0.65,98,98,1.0,0.0
BAD_SEED,0.99,0.7,98,98,1.0,0.0
BAD_SEED,0.99,0.75,98,98,1.0,0.0
BAD_SEED,0.99,0.8,98,98,1.0,0.0
BAD_SEED,0.99,0.85,98,98,1.0,0.0
BAD_SEED,0.99,0.9,98,98,1.0,0.0
GOOD_SEED,0.8,0.2,89,89,1.0,0.0
GOOD_SEED,0.8,0.25,89,89,1.0,0.0
GOOD_SEED,0.8,0.3,89,89,1.0,0.0
GOOD_SEED,0.8,0.35,89,89,1.0,0.0
GOOD_SEED,0.8,0.4,89,89,1.0,0.0
GOOD_SEED,0.8,0.45,89,89,1.0,0.0
GOOD_SEED,0.8,0.5,89,89,1.0,0.0
GOOD_SEED,0.8,0.55,89,89,1.0,0.0
GOOD_SEED,0.8,0.6,89,89,1.0,0.0
GOOD_SEED,0.8,0.65,89,89,1.0,0.0
GOOD_SEED,0.8,0.7,89,89,1.0,0.0
GOOD_SEED,0.8,0.75,89,89,1.0,0.0
GOOD_SEED,0.8,0.8,88,88,1.0,0.0
GOOD_SEED,0.8,0.85,88,88,1.0,0.0
GOOD_SEED,0.8,0.9,87,87,1.0,0.0
GOOD_SEED,0.81,0.2,89,89,1.0,0.0
GOOD_SEED,0.81,0.25,89,89,1.0,0.0
GOOD_SEED,0.81,0.3,89,89,1.0,0.0
GOOD_SEED,0.81,0.35,89,89,1.0,0.0
GOOD_SEED,0.81,0.4,89,89,1.0,0.0
GOOD_SEED,0.81,0.45,89,89,1.0,0.0
GOOD_SEED,0.81,0.5,89,89,1.0,0.0
GOOD_SEED,0.81,0.55,89,89,1.0,0.0
GOOD_SEED,0.81,0.6,89,89,1.0,0.0
GOOD_SEED,0.81,0.65,89,89,1.0,0.0
GOOD_SEED,0.81,0.7,89,89,1.0,0.0
GOOD_SEED,0.81,0.75,89,89,1.0,0.0
GOOD_SEED,0.81,0.8,88,88,1.0,0.0
GOOD_SEED,0.81,0.85,88,88,1.0,0.0
GOOD_SEED,0.81,0.9,87,87,1.0,0.0
GOOD_SEED,0.82,0.2,89,89,1.0,0.0
GOOD_SEED,0.82,0.25,89,89,1.0,0.0
GOOD_SEED,0.82,0.3,89,89,1.0,0.0
GOOD_SEED,0.82,0.35,89,89,1.0,0.0
GOOD_SEED,0.82,0.4,89,89,1.0,0.0
GOOD_SEED,0.82,0.45,89,89,1.0,0.0
GOOD_SEED,0.82,0.5,89,89,1.0,0.0
GOOD_SEED,0.82,0.55,89,89,1.0,0.0
GOOD_SEED,0.82,0.6,89,89,1.0,0.0
GOOD_SEED,0.82,0.65,89,89,1.0,0.0
GOOD_SEED,0.82,0.7,89,89,1.0,0.0
GOOD_SEED,0.82,0.75,89,89,1.0,0.0
GOOD_SEED,0.82,0.8,88,88,1.0,0.0
GOOD_SEED,0.82,0.85,88,88,1.0,0.0
GOOD_SEED,0.82,0.9,87,87,1.0,0.0
GOOD_SEED,0.83,0.2,89,89,1.0,0.0
GOOD_SEED,0.83,0.25,89,89,1.0,0.0
GOOD_SEED,0.83,0.3,89,89,1.0,0.0
GOOD_SEED,0.83,0.35,89,89,1.0,0.0
GOOD_SEED,0.83,0.4,89,89,1.0,0.0
GOOD_SEED,0.83,0.45,89,89,1.0,0.0
GOOD_SEED,0.83,0.5,89,89,1.0,0.0
GOOD_SEED,0.83,0.55,89,89,1.0,0.0
GOOD_SEED,0.83,0.6,89,89,1.0,0.0
GOOD_SEED,0.83,0.65,89,89,1.0,0.0
GOOD_SEED,0.83,0.7,89,89,1.0,0.0
GOOD_SEED,0.83,0.75,89,89,1.0,0.0
GOOD_SEED,0.83,0.8,88,88,1.0,0.0
GOOD_SEED,0.83,0.85,88,88,1.0,0.0
GOOD_SEED,0.83,0.9,87,87,1.0,0.0
GOOD_SEED,0.84,0.2,89,89,1.0,0.0
GOOD_SEED,0.84,0.25,89,89,1.0,0.0
GOOD_SEED,0.84,0.3,89,89,1.0,0.0
GOOD_SEED,0.84,0.35,89,89,1.0,0.0
GOOD_SEED,0.84,0.4,89,89,1.0,0.0
GOOD_SEED,0.84,0.45,89,89,1.0,0.0
GOOD_SEED,0.84,0.5,89,89,1.0,0.0
GOOD_SEED,0.84,0.55,89,89,1.0,0.0
GOOD_SEED,0.84,0.6,89,89,1.0,0.0
GOOD_SEED,0.84,0.65,89,89,1.0,0.0
GOOD_SEED,0.84,0.7,89,89,1.0,0.0
GOOD_SEED,0.84,0.75,89,89,1.0,0.0
GOOD_SEED,0.84,0.8,88,88,1.0,0.0
GOOD_SEED,0.84,0.85,88,88,1.0,0.0
GOOD_SEED,0.84,0.9,87,87,1.0,0.0
GOOD_SEED,0.85,0.2,89,89,1.0,0.0
GOOD_SEED,0.85,0.25,89,89,1.0,0.0
GOOD_SEED,0.85,0.3,89,89,1.0,0.0
GOOD_SEED,0.85,0.35,89,89,1.0,0.0
GOOD_SEED,0.85,0.4,89,89,1.0,0.0
GOOD_SEED,0.85,0.45,89,89,1.0,0.0
GOOD_SEED,0.85,0.5,89,89,1.0,0.0
GOOD_SEED,0.85,0.55,89,89,1.0,0.0
GOOD_SEED,0.85,0.6,89,89,1.0,0.0
GOOD_SEED,0.85,0.65,89,89,1.0,0.0
GOOD_SEED,0.85,0.7,89,89,1.0,0.0
GOOD_SEED,0.85,0.75,89,89,1.0,0.0
GOOD_SEED,0.85,0.8,88,88,1.0,0.0
GOOD_SEED,0.85,0.85,88,88,1.0,0.0
GOOD_SEED,0.85,0.9,87,87,1.0,0.0
GOOD_SEED,0.86,0.2,89,89,1.0,0.0
GOOD_SEED,0.86,0.25,89,89,1.0,0.0
GOOD_SEED,0.86,0.3,89,89,1.0,0.0
GOOD_SEED,0.86,0.35,89,89,1.0,0.0
GOOD_SEED,0.86,0.4,89,89,1.0,0.0
GOOD_SEED,0.86,0.45,89,89,1.0,0.0
GOOD_SEED,0.86,0.5,89,89,1.0,0.0
GOOD_SEED,0.86,0.55,89,89,1.0,0.0
GOOD_SEED,0.86,0.6,89,89,1.0,0.0
GOOD_SEED,0.86,0.65,89,89,1.0,0.0
GOOD_SEED,0.86,0.7,89,89,1.0,0.0
GOOD_SEED,0.86,0.75,89,89,1.0,0.0
GOOD_SEED,0.86,0.8,88,88,1.0,0.0
GOOD_SEED,0.86,0.85,88,88,1.0,0.0
GOOD_SEED,0.86,0.9,87,87,1.0,0.0
GOOD_SEED,0.87,0.2,89,89,1.0,0.0
GOOD_SEED,0.87,0.25,89,89,1.0,0.0
GOOD_SEED,0.87,0.3,89,89,1.0,0.0
GOOD_SEED,0.87,0.35,89,89,1.0,0.0
GOOD_SEED,0.87,0.4,89,89,1.0,0.0
GOOD_SEED,0.87,0.45,89,89,1.0,0.0
GOOD_SEED,0.87,0.5,89,89,1.0,0.0
GOOD_SEED,0.87,0.55,89,89,1.0,0.0
GOOD_SEED,0.87,0.6,89,89,1.0,0.0
GOOD_SEED,0.87,0.65,89,89,1.0,0.0
GOOD_SEED,0.87,0.7,89,89,1.0,0.0
GOOD_SEED,0.87,0.75,89,89,1.0,0.0
GOOD_SEED,0.87,0.8,88,88,1.0,0.0
GOOD_SEED,0.87,0.85,88,88,1.0,0.0
GOOD_SEED,0.87,0.9,87,87,1.0,0.0
GOOD_SEED,0.88,0.2,88,88,1.0,0.0
GOOD_SEED,0.88,0.25,88,88,1.0,0.0
GOOD_SEED,0.88,0.3,88,88,1.0,0.0
GOOD_SEED,0.88,0.35,88,88,1.0,0.0
GOOD_SEED,0.88,0.4,88,88,1.0,0.0
GOOD_SEED,0.88,0.45,88,88,1.0,0.0
GOOD_SEED,0.88,0.5,88,88,1.0,0.0
GOOD_SEED,0.88,0.55,88,88,1.0,0.0
GOOD_SEED,0.88,0.6,88,88,1.0,0.0
GOOD_SEED,0.88,0.65,88,88,1.0,0.0
GOOD_SEED,0.88,0.7,88,88,1.0,0.0
GOOD_SEED,0.88,0.75,88,88,1.0,0.0
GOOD_SEED,0.88,0.8,88,88,1.0,0.0
GOOD_SEED,0.88,0.85,88,88,1.0,0.0
GOOD_SEED,0.88,0.9,87,87,1.0,0.0
GOOD_SEED,0.89,0.2,88,88,1.0,0.0
GOOD_SEED,0.89,0.25,88,88,1.0,0.0
GOOD_SEED,0.89,0.3,88,88,1.0,0.0
GOOD_SEED,0.89,0.35,88,88,1.0,0.0
GOOD_SEED,0.89,0.4,88,88,1.0,0.0
GOOD_SEED,0.89,0.45,88,88,1.0,0.0
GOOD_SEED,0.89,0.5,88,88,1.0,0.0
GOOD_SEED,0.89,0.55,88,88,1.0,0.0
GOOD_SEED,0.89,0.6,88,88,1.0,0.0
GOOD_SEED,0.89,0.65,88,88,1.0,0.0
GOOD_SEED,0.89,0.7,88,88,1.0,0.0
GOOD_SEED,0.89,0.75,88,88,1.0,0.0
GOOD_SEED,0.89,0.8,88,88,1.0,0.0
GOOD_SEED,0.89,0.85,88,88,1.0,0.0
GOOD_SEED,0.89,0.9,87,87,1.0,0.0
GOOD_SEED,0.9,0.2,88,88,1.0,0.0
GOOD_SEED,0.9,0.25,88,88,1.0,0.0
GOOD_SEED,0.9,0.3,88,88,1.0,0.0
GOOD_SEED,0.9,0.35,88,88,1.0,0.0
GOOD_SEED,0.9,0.4,88,88,1.0,0.0
GOOD_SEED,0.9,0.45,88,88,1.0,0.0
GOOD_SEED,0.9,0.5,88,88,1.0,0.0
GOOD_SEED,0.9,0.55,88,88,1.0,0.0
GOOD_SEED,0.9,0.6,88,88,1.0,0.0
GOOD_SEED,0.9,0.65,88,88,1.0,0.0
GOOD_SEED,0.9,0.7,88,88,1.0,0.0
GOOD_SEED,0.9,0.75,88,88,1.0,0.0
GOOD_SEED,0.9,0.8,88,88,1.0,0.0
GOOD_SEED,0.9,0.85,88,88,1.0,0.0
GOOD_SEED,0.9,0.9,87,87,1.0,0.0
GOOD_SEED,0.91,0.2,88,88,1.0,0.0
GOOD_SEED,0.91,0.25,88,88,1.0,0.0
GOOD_SEED,0.91,0.3,88,88,1.0,0.0
GOOD_SEED,0.91,0.35,88,88,1.0,0.0
GOOD_SEED,0.91,0.4,88,88,1.0,0.0
GOOD_SEED,0.91,0.45,88,88,1.0,0.0
GOOD_SEED,0.91,0.5,88,88,1.0,0.0
GOOD_SEED,0.91,0.55,88,88,1.0,0.0
GOOD_SEED,0.91,0.6,88,88,1.0,0.0
GOOD_SEED,0.91,0.65,88,88,1.0,0.0
GOOD_SEED,0.91,0.7,88,88,1.0,0.0
GOOD_SEED,0.91,0.75,88,88,1.0,0.0
GOOD_SEED,0.91,0.8,88,88,1.0,0.0
GOOD_SEED,0.91,0.85,88,88,1.0,0.0
GOOD_SEED,0.91,0.9,87,87,1.0,0.0
GOOD_SEED,0.92,0.2,88,88,1.0,0.0
GOOD_SEED,0.92,0.25,88,88,1.0,0.0
GOOD_SEED,0.92,0.3,88,88,1.0,0.0
GOOD_SEED,0.92,0.35,88,88,1.0,0.0
GOOD_SEED,0.92,0.4,88,88,1.0,0.0
GOOD_SEED,0.92,0.45,88,88,1.0,0.0
GOOD_SEED,0.92,0.5,88,88,1.0,0.0
GOOD_SEED,0.92,0.55,88,88,1.0,0.0
GOOD_SEED,0.92,0.6,88,88,1.0,0.0
GOOD_SEED,0.92,0.65,88,88,1.0,0.0
GOOD_SEED,0.92,0.7,88,88,1.0,0.0
GOOD_SEED,0.92,0.75,88,88,1.0,0.0
GOOD_SEED,0.92,0.8,88,88,1.0,0.0
GOOD_SEED,0.92,0.85,88,88,1.0,0.0
GOOD_SEED,0.92,0.9,87,87,1.0,0.0
GOOD_SEED,0.93,0.2,88,88,1.0,0.0
GOOD_SEED,0.93,0.25,88,88,1.0,0.0
GOOD_SEED,0.93,0.3,88,88,1.0,0.0
GOOD_SEED,0.93,0.35,88,88,1.0,0.0
GOOD_SEED,0.93,0.4,88,88,1.0,0.0
GOOD_SEED,0.93,0.45,88,88,1.0,0.0
GOOD_SEED,0.93,0.5,88,88,1.0,0.0
GOOD_SEED,0.93,0.55,88,88,1.0,0.0
GOOD_SEED,0.93,0.6,88,88,1.0,0.0
GOOD_SEED,0.93,0.65,88,88,1.0,0.0
GOOD_SEED,0.93,0.7,88,88,1.0,0.0
GOOD_SEED,0.93,0.75,88,88,1.0,0.0
GOOD_SEED,0.93,0.8,88,88,1.0,0.0
GOOD_SEED,0.93,0.85,88,88,1.0,0.0
GOOD_SEED,0.93,0.9,87,87,1.0,0.0
GOOD_SEED,0.94,0.2,88,88,1.0,0.0
GOOD_SEED,0.94,0.25,88,88,1.0,0.0
GOOD_SEED,0.94,0.3,88,88,1.0,0.0
GOOD_SEED,0.94,0.35,88,88,1.0,0.0
GOOD_SEED,0.94,0.4,88,88,1.0,0.0
GOOD_SEED,0.94,0.45,88,88,1.0,0.0
GOOD_SEED,0.94,0.5,88,88,1.0,0.0
GOOD_SEED,0.94,0.55,88,88,1.0,0.0
GOOD_SEED,0.94,0.6,88,88,1.0,0.0
GOOD_SEED,0.94,0.65,88,88,1.0,0.0
GOOD_SEED,0.94,0.7,88,88,1.0,0.0
GOOD_SEED,0.94,0.75,88,88,1.0,0.0
GOOD_SEED,0.94,0.8,88,88,1.0,0.0
GOOD_SEED,0.94,0.85,88,88,1.0,0.0
GOOD_SEED,0.94,0.9,87,87,1.0,0.0
GOOD_SEED,0.95,0.2,87,87,1.0,0.0
GOOD_SEED,0.95,0.25,87,87,1.0,0.0
GOOD_SEED,0.95,0.3,87,87,1.0,0.0
GOOD_SEED,0.95,0.35,87,87,1.0,0.0
GOOD_SEED,0.95,0.4,87,87,1.0,0.0
GOOD_SEED,0.95,0.45,87,87,1.0,0.0
GOOD_SEED,0.95,0.5,87,87,1.0,0.0
GOOD_SEED,0.95,0.55,87,87,1.0,0.0
GOOD_SEED,0.95,0.6,87,87,1.0,0.0
GOOD_SEED,0.95,0.65,87,87,1.0,0.0
GOOD_SEED,0.95,0.7,87,87,1.0,0.0
GOOD_SEED,0.95,0.75,87,87,1.0,0.0
GOOD_SEED,0.95,0.8,87,87,1.0,0.0
GOOD_SEED,0.95,0.85,87,87,1.0,0.0
GOOD_SEED,0.95,0.9,87,87,1.0,0.0
GOOD_SEED,0.96,0.2,87,87,1.0,0.0
GOOD_SEED,0.96,0.25,87,87,1.0,0.0
GOOD_SEED,0.96,0.3,87,87,1.0,0.0
GOOD_SEED,0.96,0.35,87,87,1.0,0.0
GOOD_SEED,0.96,0.4,87,87,1.0,0.0
GOOD_SEED,0.96,0.45,87,87,1.0,0.0
GOOD_SEED,0.96,0.5,87,87,1.0,0.0
GOOD_SEED,0.96,0.55,87,87,1.0,0.0
GOOD_SEED,0.96,0.6,87,87,1.0,0.0
GOOD_SEED,0.96,0.65,87,87,1.0,0.0
GOOD_SEED,0.96,0.7,87,87,1.0,0.0
GOOD_SEED,0.96,0.75,87,87,1.0,0.0
GOOD_SEED,0.96,0.8,87,87,1.0,0.0
GOOD_SEED,0.96,0.85,87,87,1.0,0.0
GOOD_SEED,0.96,0.9,87,87,1.0,0.0
GOOD_SEED,0.97,0.2,87,87,1.0,0.0
GOOD_SEED,0.97,0.25,87,87,1.0,0.0
GOOD_SEED,0.97,0.3,87,87,1.0,0.0
GOOD_SEED,0.97,0.35,87,87,1.0,0.0
GOOD_SEED,0.97,0.4,87,87,1.0,0.0
GOOD_SEED,0.97,0.45,87,87,1.0,0.0
GOOD_SEED,0.97,0.5,87,87,1.0,0.0
GOOD_SEED,0.97,0.55,87,87,1.0,0.0
GOOD_SEED,0.97,0.6,87,87,1.0,0.0
GOOD_SEED,0.97,0.65,87,87,1.0,0.0
GOOD_SEED,0.97,0.7,87,87,1.0,0.0
GOOD_SEED,0.97,0.75,87,87,1.0,0.0
GOOD_SEED,0.97,0.8,87,87,1.0,0.0
GOOD_SEED,0.97,0.85,87,87,1.0,0.0
GOOD_SEED,0.97,0.9,87,87,1.0,0.0
GOOD_SEED,0.98,0.2,87,87,1.0,0.0
GOOD_SEED,0.98,0.25,87,87,1.0,0.0
GOOD_SEED,0.98,0.3,87,87,1.0,0.0
GOOD_SEED,0.98,0.35,87,87,1.0,0.0
GOOD_SEED,0.98,0.4,87,87,1.0,0.0
GOOD_SEED,0.98,0.45,87,87,1.0,0.0
GOOD_SEED,0.98,0.5,87,87,1.0,0.0
GOOD_SEED,0.98,0.55,87,87,1.0,0.0
GOOD_SEED,0.98,0.6,87,87,1.0,0.0
GOOD_SEED,0.98,0.65,87,87,1.0,0.0
GOOD_SEED,0.98,0.7,87,87,1.0,0.0
GOOD_SEED,0.98,0.75,87,87,1.0,0.0
GOOD_SEED,0.98,0.8,87,87,1.0,0.0
GOOD_SEED,0.98,0.85,87,87,1.0,0.0
GOOD_SEED,0.98,0.9,87,87,1.0,0.0
GOOD_SEED,0.99,0.2,87,87,1.0,0.0
GOOD_SEED,0.99,0.25,87,87,1.0,0.0
GOOD_SEED,0.99,0.3,87,87,1.0,0.0
GOOD_SEED,0.99,0.35,87,87,1.0,0.0
GOOD_SEED,0.99,0.4,87,87,1.0,0.0
GOOD_SEED,0.99,0.45,87,87,1.0,0.0
GOOD_SEED,0.99,0.5,87,87,1.0,0.0
GOOD_SEED,0.99,0.55,87,87,1.0,0.0
GOOD_SEED,0.99,0.6,87,87,1.0,0.0
GOOD_SEED,0.99,0.65,87,87,1.0,0.0
GOOD_SEED,0.99,0.7,87,87,1.0,0.0
GOOD_SEED,0.99,0.75,87,87,1.0,0.0
GOOD_SEED,0.99,0.8,87,87,1.0,0.0
GOOD_SEED,0.99,0.85,87,87,1.0,0.0
GOOD_SEED,0.99,0.9,87,87,1.0,0.0
